insert into bmffl.seasons (id, year, completed) values (1, '2011', true);
insert into bmffl.seasons (id, year, completed) values (2, '2012', true);
insert into bmffl.seasons (id, year, completed) values (3, '2013', true);
insert into bmffl.seasons (id, year, completed) values (4, '2014', true);
insert into bmffl.seasons (id, year, completed) values (5, '2015', true);
insert into bmffl.seasons (id, year, completed) values (6, '2016', true);
insert into bmffl.seasons (id, year, completed) values (7, '2017', true);
insert into bmffl.seasons (id, year, completed) values (8, '2018', true);
insert into bmffl.seasons (id, year, completed) values (9, '2018', false);

insert into bmffl.owners (id, firstName, lastInitial, division) values (1, 'Brian', 'D', 'upstairs');
insert into bmffl.owners (id, firstName, lastInitial, division) values (2, 'Nick', 'D', 'downstairs');
insert into bmffl.owners (id, firstName, lastInitial, division) values (3, 'Brian', 'K', 'upstairs');
insert into bmffl.owners (id, firstName, lastInitial, division) values (4, 'Brad', 'L', 'upstairs');
insert into bmffl.owners (id, firstName, lastInitial, division) values (5, 'Matt', 'M', 'downstairs');
insert into bmffl.owners (id, firstName, lastInitial, division) values (6, 'Drew', 'M', 'downstairs');
insert into bmffl.owners (id, firstName, lastInitial, division) values (7, 'Dan', 'O', 'upstairs');
insert into bmffl.owners (id, firstName, lastInitial, division) values (8, 'Kyle', 'P', 'downstairs');
insert into bmffl.owners (id, firstName, lastInitial, division) values (9, 'Sean', 'S', 'upstairs');
insert into bmffl.owners (id, firstName, lastInitial, division) values (10, 'Isaac', 'S', 'downstairs');
insert into bmffl.owners (id, firstName, lastInitial, division) values (11, 'Ryan', 'D', 'upstairs');

insert into bmffl.teams (id, abbr, division, name, owner_id, year, season_id) values (1, 'IHH47', 'upstairs', 'Iowa HerkysHeroes47', 1, '2011', 1);
insert into bmffl.teams (id, abbr, division, name, owner_id, year, season_id) values (2, 'WW', 'downstairs', 'Westside Whales', 2, '2011', 1);
insert into bmffl.teams (id, abbr, division, name, owner_id, year, season_id) values (3, 'BMN', 'upstairs', 'Bustin'' McNutts', 3, '2011', 1);
insert into bmffl.teams (id, abbr, division, name, owner_id, year, season_id) values (4, 'RS', 'upstairs', 'The Ricky Stanzis', 4, '2011', 1);
insert into bmffl.teams (id, abbr, division, name, owner_id, year, season_id) values (5, 'IFFFF', 'downstairs', 'Iowa Football', 5, '2011', 1);
insert into bmffl.teams (id, abbr, division, name, owner_id, year, season_id) values (6, 'OC', 'downstairs', 'Orange Crush', 6, '2011', 1);
insert into bmffl.teams (id, abbr, division, name, owner_id, year, season_id) values (7, 'BT', 'upstairs', 'Balls Tech', 7, '2011', 1);
insert into bmffl.teams (id, abbr, division, name, owner_id, year, season_id) values (8, 'GBB', 'downstairs', 'The Green Bay Belts', 8, '2011', 1);
insert into bmffl.teams (id, abbr, division, name, owner_id, year, season_id) values (9, 'DB', 'upstairs', 'Dirty Birds', 9, '2011', 1);
insert into bmffl.teams (id, abbr, division, name, owner_id, year, season_id) values (10, 'BELT', 'downstairs', 'The Belt', 10, '2011', 1);
insert into bmffl.teams (id, abbr, division, name, owner_id, year, season_id) values (11, 'IHH47', 'upstairs', 'Iowa HerkysHeroes47', 1, '2012', 2);
insert into bmffl.teams (id, abbr, division, name, owner_id, year, season_id) values (12, 'WW', 'downstairs', 'Westside Whales', 2, '2012', 2);
insert into bmffl.teams (id, abbr, division, name, owner_id, year, season_id) values (13, 'DDMF', 'upstairs', 'Don''t Diss My Fiedorowicz', 3, '2012', 2);
insert into bmffl.teams (id, abbr, division, name, owner_id, year, season_id) values (14, 'RS', 'upstairs', 'The Ricky Stanzis', 4, '2012', 2);
insert into bmffl.teams (id, abbr, division, name, owner_id, year, season_id) values (15, 'IFFFF', 'downstairs', 'Iowa Football', 5, '2012', 2);
insert into bmffl.teams (id, abbr, division, name, owner_id, year, season_id) values (16, 'OC', 'downstairs', 'Orange Crush', 6, '2012', 2);
insert into bmffl.teams (id, abbr, division, name, owner_id, year, season_id) values (17, 'BT', 'upstairs', 'Balls Tech', 7, '2012', 2);
insert into bmffl.teams (id, abbr, division, name, owner_id, year, season_id) values (18, 'GBB', 'downstairs', 'The Green Bay Belts', 8, '2012', 2);
insert into bmffl.teams (id, abbr, division, name, owner_id, year, season_id) values (19, 'DB', 'upstairs', 'Dirty Birds', 9, '2012', 2);
insert into bmffl.teams (id, abbr, division, name, owner_id, year, season_id) values (20, 'SC', 'downstairs', 'Super Cam', 10, '2012', 2);
insert into bmffl.teams (id, abbr, division, name, owner_id, year, season_id) values (21, 'IHH47', 'upstairs', 'Iowa HerkysHeroes47', 1, '2013', 3);
insert into bmffl.teams (id, abbr, division, name, owner_id, year, season_id) values (22, 'WW', 'downstairs', 'Westside Whales', 2, '2013', 3);
insert into bmffl.teams (id, abbr, division, name, owner_id, year, season_id) values (23, 'KOF', 'upstairs', 'Kaeptains of Fortetude', 3, '2013', 3);
insert into bmffl.teams (id, abbr, division, name, owner_id, year, season_id) values (24, 'RS', 'upstairs', 'The Ricky Stanzis', 4, '2013', 3);
insert into bmffl.teams (id, abbr, division, name, owner_id, year, season_id) values (25, 'IFFFF', 'downstairs', 'Iowa Football', 5, '2013', 3);
insert into bmffl.teams (id, abbr, division, name, owner_id, year, season_id) values (26, 'OC', 'downstairs', 'Orange Crush', 6, '2013', 3);
insert into bmffl.teams (id, abbr, division, name, owner_id, year, season_id) values (27, 'BT', 'upstairs', 'Ballz Tech', 7, '2013', 3);
insert into bmffl.teams (id, abbr, division, name, owner_id, year, season_id) values (28, 'GBB', 'downstairs', 'The Green Bay Belts', 8, '2013', 3);
insert into bmffl.teams (id, abbr, division, name, owner_id, year, season_id) values (29, 'DB', 'upstairs', 'Dirty Birds', 9, '2013', 3);
insert into bmffl.teams (id, abbr, division, name, owner_id, year, season_id) values (30, 'MM', 'downstairs', 'Mustache Madness', 10, '2013', 3);
insert into bmffl.teams (id, abbr, division, name, owner_id, year, season_id) values (31, 'IHH47', 'upstairs', 'Iowa HerkysHeroes47', 1, '2014', 4);
insert into bmffl.teams (id, abbr, division, name, owner_id, year, season_id) values (32, 'WW', 'downstairs', 'Westside Whales', 2, '2014', 4);
insert into bmffl.teams (id, abbr, division, name, owner_id, year, season_id) values (33, 'HDP', 'upstairs', 'Harbaugh''s Dad Pants', 3, '2014', 4);
insert into bmffl.teams (id, abbr, division, name, owner_id, year, season_id) values (34, 'RS', 'upstairs', 'The Ricky Stanzis', 4, '2014', 4);
insert into bmffl.teams (id, abbr, division, name, owner_id, year, season_id) values (35, 'IFFFF', 'downstairs', 'Iowa Football', 5, '2014', 4);
insert into bmffl.teams (id, abbr, division, name, owner_id, year, season_id) values (36, 'OC', 'downstairs', 'Orange Crush', 6, '2014', 4);
insert into bmffl.teams (id, abbr, division, name, owner_id, year, season_id) values (37, 'BT', 'upstairs', 'Ballz Tech', 7, '2014', 4);
insert into bmffl.teams (id, abbr, division, name, owner_id, year, season_id) values (38, 'GBB', 'downstairs', 'The Green Bay Belts', 8, '2014', 4);
insert into bmffl.teams (id, abbr, division, name, owner_id, year, season_id) values (39, 'DB', 'upstairs', 'Dirty Birds', 9, '2014', 4);
insert into bmffl.teams (id, abbr, division, name, owner_id, year, season_id) values (40, 'MM', 'downstairs', 'Mustache Madness', 10, '2014', 4);
insert into bmffl.teams (id, abbr, division, name, owner_id, year, season_id) values (41, 'IHH47', 'upstairs', 'Iowa HerkysHeroes47', 1, '2015', 5);
insert into bmffl.teams (id, abbr, division, name, owner_id, year, season_id) values (42, 'WW', 'downstairs', 'Westside Whales', 2, '2015', 5);
insert into bmffl.teams (id, abbr, division, name, owner_id, year, season_id) values (43, 'PASR', 'upstairs', 'Play Ack-Shun Rollout', 3, '2015', 5);
insert into bmffl.teams (id, abbr, division, name, owner_id, year, season_id) values (44, 'RS', 'upstairs', 'The Ricky Stanzis', 4, '2015', 5);
insert into bmffl.teams (id, abbr, division, name, owner_id, year, season_id) values (45, 'IFFFF', 'downstairs', 'Iowa Football', 5, '2015', 5);
insert into bmffl.teams (id, abbr, division, name, owner_id, year, season_id) values (46, 'OC', 'downstairs', 'Orange Crush', 6, '2015', 5);
insert into bmffl.teams (id, abbr, division, name, owner_id, year, season_id) values (47, 'BT', 'upstairs', 'Ballz Tech', 7, '2015', 5);
insert into bmffl.teams (id, abbr, division, name, owner_id, year, season_id) values (48, 'MRN', 'downstairs', 'Mr. Rodgers'' Neighborhood', 8, '2015', 5);
insert into bmffl.teams (id, abbr, division, name, owner_id, year, season_id) values (49, 'MM', 'downstairs', 'Mustache Madness', 10, '2015', 5);
insert into bmffl.teams (id, abbr, division, name, owner_id, year, season_id) values (50, 'TRFWFGF', 'upstairs', 'Team R.F.W.F.G.B.', 11, '2015', 5);
insert into bmffl.teams (id, abbr, division, name, owner_id, year, season_id) values (51, 'IHH47', 'upstairs', 'Iowa HerkysHeroes47', 1, '2016', 6);
insert into bmffl.teams (id, abbr, division, name, owner_id, year, season_id) values (52, 'WW', 'downstairs', 'Westside Whales', 2, '2016', 6);
insert into bmffl.teams (id, abbr, division, name, owner_id, year, season_id) values (53, 'LFAB', 'upstairs', 'Live Free and Beathard', 3, '2016', 6);
insert into bmffl.teams (id, abbr, division, name, owner_id, year, season_id) values (54, 'RS', 'upstairs', 'The Ricky Stanzis', 4, '2016', 6);
insert into bmffl.teams (id, abbr, division, name, owner_id, year, season_id) values (55, 'IFFFF', 'downstairs', 'Iowa Football', 5, '2016', 6);
insert into bmffl.teams (id, abbr, division, name, owner_id, year, season_id) values (56, 'OC', 'downstairs', 'Orange Crush', 6, '2016', 6);
insert into bmffl.teams (id, abbr, division, name, owner_id, year, season_id) values (57, 'BT', 'upstairs', 'Ballz Tech', 7, '2016', 6);
insert into bmffl.teams (id, abbr, division, name, owner_id, year, season_id) values (58, 'MRN', 'downstairs', 'Mr. Rodgers'' Neighborhood', 8, '2016', 6);
insert into bmffl.teams (id, abbr, division, name, owner_id, year, season_id) values (59, 'MM', 'downstairs', 'Mustache Madness', 10, '2016', 6);
insert into bmffl.teams (id, abbr, division, name, owner_id, year, season_id) values (60, 'FISH', 'upstairs', 'Team R.F.W.F.G.B.', 11, '2016', 6);
insert into bmffl.teams (id, abbr, division, name, owner_id, year, season_id) values (61, 'IHH47', 'upstairs', 'Iowa HerkysHeroes47', 1, '2017', 7);
insert into bmffl.teams (id, abbr, division, name, owner_id, year, season_id) values (62, 'WW', 'downstairs', 'Westside Whales', 2, '2017', 7);
insert into bmffl.teams (id, abbr, division, name, owner_id, year, season_id) values (63, 'YG2BKM', 'upstairs', 'You''ve Got to be Kittling Me', 3, '2017', 7);
insert into bmffl.teams (id, abbr, division, name, owner_id, year, season_id) values (64, 'RS', 'upstairs', 'The Ricky Stanzis', 4, '2017', 7);
insert into bmffl.teams (id, abbr, division, name, owner_id, year, season_id) values (65, 'IFFFF', 'downstairs', 'Iowa Football', 5, '2017', 7);
insert into bmffl.teams (id, abbr, division, name, owner_id, year, season_id) values (66, 'OC', 'downstairs', 'Orange Crush', 6, '2017', 7);
insert into bmffl.teams (id, abbr, division, name, owner_id, year, season_id) values (67, 'BT', 'upstairs', 'Ballz Tech', 7, '2017', 7);
insert into bmffl.teams (id, abbr, division, name, owner_id, year, season_id) values (68, 'MRN', 'downstairs', 'Mr. Rodgers'' Neighborhood', 8, '2017', 7);
insert into bmffl.teams (id, abbr, division, name, owner_id, year, season_id) values (69, 'MD', 'downstairs', 'Mustache Dadness', 10, '2017', 7);
insert into bmffl.teams (id, abbr, division, name, owner_id, year, season_id) values (70, 'RGB', 'upstairs', 'ROY GBIV', 11, '2017', 7);
insert into bmffl.teams (id, abbr, division, name, owner_id, year, season_id) values (71, 'IHH47', 'upstairs', 'Iowa HerkysHeroes47', 1, '2018', 8);
insert into bmffl.teams (id, abbr, division, name, owner_id, year, season_id) values (72, 'WW', 'downstairs', 'Westside Whales', 2, '2018', 8);
insert into bmffl.teams (id, abbr, division, name, owner_id, year, season_id) values (73, 'FTTD', 'upstairs', 'FANTastic TDs', 3, '2018', 8);
insert into bmffl.teams (id, abbr, division, name, owner_id, year, season_id) values (74, 'RS', 'upstairs', 'The Ricky Stanzis', 4, '2018', 8);
insert into bmffl.teams (id, abbr, division, name, owner_id, year, season_id) values (75, 'IFFFF', 'downstairs', 'IOWA FOOTBALL', 5, '2018', 8);
insert into bmffl.teams (id, abbr, division, name, owner_id, year, season_id) values (76, 'OC', 'downstairs', 'Orange Crush', 6, '2018', 8);
insert into bmffl.teams (id, abbr, division, name, owner_id, year, season_id) values (77, 'BT', 'upstairs', 'Ballz Tech', 7, '2018', 8);
insert into bmffl.teams (id, abbr, division, name, owner_id, year, season_id) values (78, 'MRN', 'downstairs', 'Mr. Rodgers'' Neighborhood', 8, '2018', 8);
insert into bmffl.teams (id, abbr, division, name, owner_id, year, season_id) values (79, 'ILB', 'downstairs', 'IFFFF''s Lil'' Bro', 10, '2018', 8);
insert into bmffl.teams (id, abbr, division, name, owner_id, year, season_id) values (80, 'RGB', 'upstairs', 'ROY GBIV', 11, '2018', 8);
insert into bmffl.teams (id, abbr, division, name, owner_id, year, season_id) values (81, 'IHH47', 'upstairs', 'Iowa HerkysHeroes47', 1, '2018', 9);
insert into bmffl.teams (id, abbr, division, name, owner_id, year, season_id) values (82, 'WW', 'downstairs', 'Westside Whales', 2, '2018', 9);
insert into bmffl.teams (id, abbr, division, name, owner_id, year, season_id) values (83, 'BKT', 'upstairs', 'Brian Kass Team', 3, '2018', 9);
insert into bmffl.teams (id, abbr, division, name, owner_id, year, season_id) values (84, 'RS', 'upstairs', 'The Ricky Stanzis', 4, '2018', 9);
insert into bmffl.teams (id, abbr, division, name, owner_id, year, season_id) values (85, 'IFFFF', 'downstairs', 'IOWA FOOTBALL', 5, '2018', 9);
insert into bmffl.teams (id, abbr, division, name, owner_id, year, season_id) values (86, 'OC', 'downstairs', 'Orange Crush', 6, '2018', 9);
insert into bmffl.teams (id, abbr, division, name, owner_id, year, season_id) values (87, 'BT', 'upstairs', 'Ballz Tech', 7, '2018', 9);
insert into bmffl.teams (id, abbr, division, name, owner_id, year, season_id) values (88, 'MRN', 'downstairs', 'Mr. Rodgers'' Neighborhood', 8, '2018', 9);
insert into bmffl.teams (id, abbr, division, name, owner_id, year, season_id) values (89, 'ILB', 'downstairs', 'IFFFF''s Lil'' Bro', 10, '2018', 9);
insert into bmffl.teams (id, abbr, division, name, owner_id, year, season_id) values (90, 'RGB', 'upstairs', 'ROY GBIV', 11, '2018', 9);

insert into bmffl.games (id, season_id, week, awayTeam_id, awayScore, homeTeam_id, homeScore, completed, gameType) values (1, 1, 1, 4, 100, 2, 106.5, true, 'Regular Season');
insert into bmffl.games (id, season_id, week, awayTeam_id, awayScore, homeTeam_id, homeScore, completed, gameType) values (2, 1, 1, 6, 66, 10, 77.5, true, 'Regular Season');
insert into bmffl.games (id, season_id, week, awayTeam_id, awayScore, homeTeam_id, homeScore, completed, gameType) values (3, 1, 1, 3, 69.5, 9, 76.5, true, 'Regular Season');
insert into bmffl.games (id, season_id, week, awayTeam_id, awayScore, homeTeam_id, homeScore, completed, gameType) values (4, 1, 1, 7, 103.5, 1, 115.5, true, 'Regular Season');
insert into bmffl.games (id, season_id, week, awayTeam_id, awayScore, homeTeam_id, homeScore, completed, gameType) values (5, 1, 1, 8, 108.5, 5, 83.5, true, 'Regular Season');
insert into bmffl.games (id, season_id, week, awayTeam_id, awayScore, homeTeam_id, homeScore, completed, gameType) values (6, 1, 2, 6, 131, 4, 83, true, 'Regular Season');
insert into bmffl.games (id, season_id, week, awayTeam_id, awayScore, homeTeam_id, homeScore, completed, gameType) values (7, 1, 2, 7, 83.5, 3, 107.5, true, 'Regular Season');
insert into bmffl.games (id, season_id, week, awayTeam_id, awayScore, homeTeam_id, homeScore, completed, gameType) values (8, 1, 2, 10, 84.5, 8, 134, true, 'Regular Season');
insert into bmffl.games (id, season_id, week, awayTeam_id, awayScore, homeTeam_id, homeScore, completed, gameType) values (9, 1, 2, 9, 63.5, 5, 96.5, true, 'Regular Season');
insert into bmffl.games (id, season_id, week, awayTeam_id, awayScore, homeTeam_id, homeScore, completed, gameType) values (10, 1, 2, 1, 108, 2, 126.5, true, 'Regular Season');
insert into bmffl.games (id, season_id, week, awayTeam_id, awayScore, homeTeam_id, homeScore, completed, gameType) values (11, 1, 3, 4, 92, 8, 90.5, true, 'Regular Season');
insert into bmffl.games (id, season_id, week, awayTeam_id, awayScore, homeTeam_id, homeScore, completed, gameType) values (12, 1, 3, 5, 95, 3, 47.5, true, 'Regular Season');
insert into bmffl.games (id, season_id, week, awayTeam_id, awayScore, homeTeam_id, homeScore, completed, gameType) values (13, 1, 3, 2, 97.5, 7, 85.5, true, 'Regular Season');
insert into bmffl.games (id, season_id, week, awayTeam_id, awayScore, homeTeam_id, homeScore, completed, gameType) values (14, 1, 3, 9, 101.5, 10, 77.5, true, 'Regular Season');
insert into bmffl.games (id, season_id, week, awayTeam_id, awayScore, homeTeam_id, homeScore, completed, gameType) values (15, 1, 3, 1, 130, 6, 45.5, true, 'Regular Season');
insert into bmffl.games (id, season_id, week, awayTeam_id, awayScore, homeTeam_id, homeScore, completed, gameType) values (16, 1, 4, 4, 101, 1, 78.5, true, 'Regular Season');
insert into bmffl.games (id, season_id, week, awayTeam_id, awayScore, homeTeam_id, homeScore, completed, gameType) values (17, 1, 4, 2, 90, 5, 67, true, 'Regular Season');
insert into bmffl.games (id, season_id, week, awayTeam_id, awayScore, homeTeam_id, homeScore, completed, gameType) values (18, 1, 4, 8, 127.5, 9, 91.5, true, 'Regular Season');
insert into bmffl.games (id, season_id, week, awayTeam_id, awayScore, homeTeam_id, homeScore, completed, gameType) values (19, 1, 4, 3, 94.5, 10, 120, true, 'Regular Season');
insert into bmffl.games (id, season_id, week, awayTeam_id, awayScore, homeTeam_id, homeScore, completed, gameType) values (20, 1, 4, 7, 70.5, 6, 109, true, 'Regular Season');
insert into bmffl.games (id, season_id, week, awayTeam_id, awayScore, homeTeam_id, homeScore, completed, gameType) values (21, 1, 5, 7, 77, 4, 84, true, 'Regular Season');
insert into bmffl.games (id, season_id, week, awayTeam_id, awayScore, homeTeam_id, homeScore, completed, gameType) values (22, 1, 5, 1, 93.5, 9, 103.5, true, 'Regular Season');
insert into bmffl.games (id, season_id, week, awayTeam_id, awayScore, homeTeam_id, homeScore, completed, gameType) values (23, 1, 5, 10, 110.5, 5, 66, true, 'Regular Season');
insert into bmffl.games (id, season_id, week, awayTeam_id, awayScore, homeTeam_id, homeScore, completed, gameType) values (24, 1, 5, 6, 81, 2, 110.5, true, 'Regular Season');
insert into bmffl.games (id, season_id, week, awayTeam_id, awayScore, homeTeam_id, homeScore, completed, gameType) values (25, 1, 5, 3, 77.5, 8, 95, true, 'Regular Season');
insert into bmffl.games (id, season_id, week, awayTeam_id, awayScore, homeTeam_id, homeScore, completed, gameType) values (26, 1, 6, 5, 69.5, 4, 102.5, true, 'Regular Season');
insert into bmffl.games (id, season_id, week, awayTeam_id, awayScore, homeTeam_id, homeScore, completed, gameType) values (27, 1, 6, 3, 58, 6, 104.5, true, 'Regular Season');
insert into bmffl.games (id, season_id, week, awayTeam_id, awayScore, homeTeam_id, homeScore, completed, gameType) values (28, 1, 6, 8, 106, 7, 45, true, 'Regular Season');
insert into bmffl.games (id, season_id, week, awayTeam_id, awayScore, homeTeam_id, homeScore, completed, gameType) values (29, 1, 6, 9, 62.5, 2, 89, true, 'Regular Season');
insert into bmffl.games (id, season_id, week, awayTeam_id, awayScore, homeTeam_id, homeScore, completed, gameType) values (30, 1, 6, 10, 50, 1, 81.5, true, 'Regular Season');
insert into bmffl.games (id, season_id, week, awayTeam_id, awayScore, homeTeam_id, homeScore, completed, gameType) values (31, 1, 7, 4, 79, 9, 129.5, true, 'Regular Season');
insert into bmffl.games (id, season_id, week, awayTeam_id, awayScore, homeTeam_id, homeScore, completed, gameType) values (32, 1, 7, 6, 37, 8, 87, true, 'Regular Season');
insert into bmffl.games (id, season_id, week, awayTeam_id, awayScore, homeTeam_id, homeScore, completed, gameType) values (33, 1, 7, 7, 27.5, 5, 79.5, true, 'Regular Season');
insert into bmffl.games (id, season_id, week, awayTeam_id, awayScore, homeTeam_id, homeScore, completed, gameType) values (34, 1, 7, 2, 80.5, 10, 93.5, true, 'Regular Season');
insert into bmffl.games (id, season_id, week, awayTeam_id, awayScore, homeTeam_id, homeScore, completed, gameType) values (35, 1, 7, 1, 90.5, 3, 72.5, true, 'Regular Season');
insert into bmffl.games (id, season_id, week, awayTeam_id, awayScore, homeTeam_id, homeScore, completed, gameType) values (36, 1, 8, 10, 67.5, 4, 89, true, 'Regular Season');
insert into bmffl.games (id, season_id, week, awayTeam_id, awayScore, homeTeam_id, homeScore, completed, gameType) values (37, 1, 8, 5, 100, 6, 115.5, true, 'Regular Season');
insert into bmffl.games (id, season_id, week, awayTeam_id, awayScore, homeTeam_id, homeScore, completed, gameType) values (38, 1, 8, 9, 81, 7, 44.5, true, 'Regular Season');
insert into bmffl.games (id, season_id, week, awayTeam_id, awayScore, homeTeam_id, homeScore, completed, gameType) values (39, 1, 8, 3, 60.5, 2, 66.5, true, 'Regular Season');
insert into bmffl.games (id, season_id, week, awayTeam_id, awayScore, homeTeam_id, homeScore, completed, gameType) values (40, 1, 8, 8, 100, 1, 62, true, 'Regular Season');
insert into bmffl.games (id, season_id, week, awayTeam_id, awayScore, homeTeam_id, homeScore, completed, gameType) values (41, 1, 9, 2, 69, 4, 65, true, 'Regular Season');
insert into bmffl.games (id, season_id, week, awayTeam_id, awayScore, homeTeam_id, homeScore, completed, gameType) values (42, 1, 9, 6, 52, 9, 92, true, 'Regular Season');
insert into bmffl.games (id, season_id, week, awayTeam_id, awayScore, homeTeam_id, homeScore, completed, gameType) values (43, 1, 9, 5, 74, 10, 80, true, 'Regular Season');
insert into bmffl.games (id, season_id, week, awayTeam_id, awayScore, homeTeam_id, homeScore, completed, gameType) values (44, 1, 9, 1, 118.5, 7, 42, true, 'Regular Season');
insert into bmffl.games (id, season_id, week, awayTeam_id, awayScore, homeTeam_id, homeScore, completed, gameType) values (45, 1, 9, 8, 101.5, 3, 113, true, 'Regular Season');
insert into bmffl.games (id, season_id, week, awayTeam_id, awayScore, homeTeam_id, homeScore, completed, gameType) values (46, 1, 10, 4, 95, 6, 37, true, 'Regular Season');
insert into bmffl.games (id, season_id, week, awayTeam_id, awayScore, homeTeam_id, homeScore, completed, gameType) values (47, 1, 10, 7, 69, 10, 102.5, true, 'Regular Season');
insert into bmffl.games (id, season_id, week, awayTeam_id, awayScore, homeTeam_id, homeScore, completed, gameType) values (48, 1, 10, 9, 92, 3, 70.5, true, 'Regular Season');
insert into bmffl.games (id, season_id, week, awayTeam_id, awayScore, homeTeam_id, homeScore, completed, gameType) values (49, 1, 10, 5, 85, 8, 109.5, true, 'Regular Season');
insert into bmffl.games (id, season_id, week, awayTeam_id, awayScore, homeTeam_id, homeScore, completed, gameType) values (50, 1, 10, 2, 79.5, 1, 103, true, 'Regular Season');
insert into bmffl.games (id, season_id, week, awayTeam_id, awayScore, homeTeam_id, homeScore, completed, gameType) values (51, 1, 11, 4, 93, 3, 61.5, true, 'Regular Season');
insert into bmffl.games (id, season_id, week, awayTeam_id, awayScore, homeTeam_id, homeScore, completed, gameType) values (52, 1, 11, 8, 96, 10, 90, true, 'Regular Season');
insert into bmffl.games (id, season_id, week, awayTeam_id, awayScore, homeTeam_id, homeScore, completed, gameType) values (53, 1, 11, 7, 81, 2, 78, true, 'Regular Season');
insert into bmffl.games (id, season_id, week, awayTeam_id, awayScore, homeTeam_id, homeScore, completed, gameType) values (54, 1, 11, 5, 73, 9, 45.5, true, 'Regular Season');
insert into bmffl.games (id, season_id, week, awayTeam_id, awayScore, homeTeam_id, homeScore, completed, gameType) values (55, 1, 11, 6, 94.5, 1, 91.5, true, 'Regular Season');
insert into bmffl.games (id, season_id, week, awayTeam_id, awayScore, homeTeam_id, homeScore, completed, gameType) values (56, 1, 12, 1, 95.5, 4, 49, true, 'Regular Season');
insert into bmffl.games (id, season_id, week, awayTeam_id, awayScore, homeTeam_id, homeScore, completed, gameType) values (57, 1, 12, 2, 97, 8, 92, true, 'Regular Season');
insert into bmffl.games (id, season_id, week, awayTeam_id, awayScore, homeTeam_id, homeScore, completed, gameType) values (58, 1, 12, 3, 58.5, 5, 59, true, 'Regular Season');
insert into bmffl.games (id, season_id, week, awayTeam_id, awayScore, homeTeam_id, homeScore, completed, gameType) values (59, 1, 12, 10, 110.5, 9, 102, true, 'Regular Season');
insert into bmffl.games (id, season_id, week, awayTeam_id, awayScore, homeTeam_id, homeScore, completed, gameType) values (60, 1, 12, 6, 79, 7, 62, true, 'Regular Season');
insert into bmffl.games (id, season_id, week, awayTeam_id, awayScore, homeTeam_id, homeScore, completed, gameType) values (61, 1, 13, 4, 78, 7, 100, true, 'Regular Season');
insert into bmffl.games (id, season_id, week, awayTeam_id, awayScore, homeTeam_id, homeScore, completed, gameType) values (62, 1, 13, 1, 110.5, 5, 91, true, 'Regular Season');
insert into bmffl.games (id, season_id, week, awayTeam_id, awayScore, homeTeam_id, homeScore, completed, gameType) values (63, 1, 13, 9, 106, 8, 83, true, 'Regular Season');
insert into bmffl.games (id, season_id, week, awayTeam_id, awayScore, homeTeam_id, homeScore, completed, gameType) values (64, 1, 13, 2, 103.5, 6, 56.5, true, 'Regular Season');
insert into bmffl.games (id, season_id, week, awayTeam_id, awayScore, homeTeam_id, homeScore, completed, gameType) values (65, 1, 13, 10, 99, 3, 118, true, 'Regular Season');
insert into bmffl.games (id, season_id, week, awayTeam_id, awayScore, homeTeam_id, homeScore, completed, gameType) values (66, 1, 14, 4, 110, 1, 104.5, true, 'Quarter Final');
insert into bmffl.games (id, season_id, week, awayTeam_id, awayScore, homeTeam_id, homeScore, completed, gameType) values (67, 1, 14, 10, 56.5, 8, 63, true, 'Quarter Final');
insert into bmffl.games (id, season_id, week, awayTeam_id, awayScore, homeTeam_id, homeScore, completed, gameType) values (68, 1, 14, 5, 91, 6, 101, true, 'Consolation Game');
insert into bmffl.games (id, season_id, week, awayTeam_id, awayScore, homeTeam_id, homeScore, completed, gameType) values (69, 1, 14, 7, 99.5, 3, 113, true, 'Consolation Game');
insert into bmffl.games (id, season_id, week, awayTeam_id, awayScore, homeTeam_id, homeScore, completed, gameType) values (70, 1, 15, 4, 80.5, 2, 88.5, true, 'Semi Final');
insert into bmffl.games (id, season_id, week, awayTeam_id, awayScore, homeTeam_id, homeScore, completed, gameType) values (71, 1, 15, 8, 119.5, 9, 112.5, true, 'Semi Final');
insert into bmffl.games (id, season_id, week, awayTeam_id, awayScore, homeTeam_id, homeScore, completed, gameType) values (72, 1, 15, 10, 67.5, 1, 62.5, true, 'Consolation Game');
insert into bmffl.games (id, season_id, week, awayTeam_id, awayScore, homeTeam_id, homeScore, completed, gameType) values (73, 1, 15, 3, 85.5, 6, 103.5, true, 'Consolation Game');
insert into bmffl.games (id, season_id, week, awayTeam_id, awayScore, homeTeam_id, homeScore, completed, gameType) values (74, 1, 15, 7, 38.5, 5, 87, true, 'Consolation Game');
insert into bmffl.games (id, season_id, week, awayTeam_id, awayScore, homeTeam_id, homeScore, completed, gameType) values (75, 1, 16, 8, 99, 2, 86.5, true, 'Super Bowl');
insert into bmffl.games (id, season_id, week, awayTeam_id, awayScore, homeTeam_id, homeScore, completed, gameType) values (76, 1, 16, 4, 75, 9, 105, true, 'Consolation Game');
insert into bmffl.games (id, season_id, week, awayTeam_id, awayScore, homeTeam_id, homeScore, completed, gameType) values (77, 1, 16, 10, 87.5, 1, 99.5, true, 'Consolation Game');
insert into bmffl.games (id, season_id, week, awayTeam_id, awayScore, homeTeam_id, homeScore, completed, gameType) values (78, 1, 16, 5, 76, 6, 88, true, 'Consolation Game');
insert into bmffl.games (id, season_id, week, awayTeam_id, awayScore, homeTeam_id, homeScore, completed, gameType) values (79, 1, 16, 7, 67.5, 3, 50, true, 'Consolation Game');
insert into bmffl.games (id, season_id, week, awayTeam_id, awayScore, homeTeam_id, homeScore, completed, gameType) values (80, 2, 1, 17, 66.5, 11, 113.5, true, 'Regular Season');
insert into bmffl.games (id, season_id, week, awayTeam_id, awayScore, homeTeam_id, homeScore, completed, gameType) values (81, 2, 1, 16, 99.5, 20, 75, true, 'Regular Season');
insert into bmffl.games (id, season_id, week, awayTeam_id, awayScore, homeTeam_id, homeScore, completed, gameType) values (82, 2, 1, 14, 71, 12, 67.5, true, 'Regular Season');
insert into bmffl.games (id, season_id, week, awayTeam_id, awayScore, homeTeam_id, homeScore, completed, gameType) values (83, 2, 1, 18, 99.5, 15, 113, true, 'Regular Season');
insert into bmffl.games (id, season_id, week, awayTeam_id, awayScore, homeTeam_id, homeScore, completed, gameType) values (84, 2, 1, 13, 75.5, 19, 87, true, 'Regular Season');
insert into bmffl.games (id, season_id, week, awayTeam_id, awayScore, homeTeam_id, homeScore, completed, gameType) values (85, 2, 2, 11, 99.5, 12, 67.5, true, 'Regular Season');
insert into bmffl.games (id, season_id, week, awayTeam_id, awayScore, homeTeam_id, homeScore, completed, gameType) values (86, 2, 2, 17, 95, 13, 33.5, true, 'Regular Season');
insert into bmffl.games (id, season_id, week, awayTeam_id, awayScore, homeTeam_id, homeScore, completed, gameType) values (87, 2, 2, 16, 125, 14, 92, true, 'Regular Season');
insert into bmffl.games (id, season_id, week, awayTeam_id, awayScore, homeTeam_id, homeScore, completed, gameType) values (88, 2, 2, 19, 139.5, 15, 59.5, true, 'Regular Season');
insert into bmffl.games (id, season_id, week, awayTeam_id, awayScore, homeTeam_id, homeScore, completed, gameType) values (89, 2, 2, 20, 104, 18, 52.5, true, 'Regular Season');
insert into bmffl.games (id, season_id, week, awayTeam_id, awayScore, homeTeam_id, homeScore, completed, gameType) values (90, 2, 3, 19, 86, 20, 67.5, true, 'Regular Season');
insert into bmffl.games (id, season_id, week, awayTeam_id, awayScore, homeTeam_id, homeScore, completed, gameType) values (91, 2, 3, 15, 68.5, 13, 101, true, 'Regular Season');
insert into bmffl.games (id, season_id, week, awayTeam_id, awayScore, homeTeam_id, homeScore, completed, gameType) values (92, 2, 3, 11, 61.5, 16, 104.5, true, 'Regular Season');
insert into bmffl.games (id, season_id, week, awayTeam_id, awayScore, homeTeam_id, homeScore, completed, gameType) values (93, 2, 3, 12, 100, 17, 100, true, 'Regular Season');
insert into bmffl.games (id, season_id, week, awayTeam_id, awayScore, homeTeam_id, homeScore, completed, gameType) values (94, 2, 3, 14, 94, 18, 81.5, true, 'Regular Season');
insert into bmffl.games (id, season_id, week, awayTeam_id, awayScore, homeTeam_id, homeScore, completed, gameType) values (95, 2, 4, 14, 87.5, 11, 110.5, true, 'Regular Season');
insert into bmffl.games (id, season_id, week, awayTeam_id, awayScore, homeTeam_id, homeScore, completed, gameType) values (96, 2, 4, 13, 68.5, 20, 91.5, true, 'Regular Season');
insert into bmffl.games (id, season_id, week, awayTeam_id, awayScore, homeTeam_id, homeScore, completed, gameType) values (97, 2, 4, 12, 105.5, 15, 93, true, 'Regular Season');
insert into bmffl.games (id, season_id, week, awayTeam_id, awayScore, homeTeam_id, homeScore, completed, gameType) values (98, 2, 4, 17, 81, 16, 99.5, true, 'Regular Season');
insert into bmffl.games (id, season_id, week, awayTeam_id, awayScore, homeTeam_id, homeScore, completed, gameType) values (99, 2, 4, 18, 97, 19, 73, true, 'Regular Season');
insert into bmffl.games (id, season_id, week, awayTeam_id, awayScore, homeTeam_id, homeScore, completed, gameType) values (100, 2, 5, 16, 92.5, 12, 49, true, 'Regular Season');
insert into bmffl.games (id, season_id, week, awayTeam_id, awayScore, homeTeam_id, homeScore, completed, gameType) values (101, 2, 5, 17, 46.5, 14, 93, true, 'Regular Season');
insert into bmffl.games (id, season_id, week, awayTeam_id, awayScore, homeTeam_id, homeScore, completed, gameType) values (102, 2, 5, 20, 59.5, 15, 92, true, 'Regular Season');
insert into bmffl.games (id, season_id, week, awayTeam_id, awayScore, homeTeam_id, homeScore, completed, gameType) values (103, 2, 5, 13, 75, 18, 89, true, 'Regular Season');
insert into bmffl.games (id, season_id, week, awayTeam_id, awayScore, homeTeam_id, homeScore, completed, gameType) values (104, 2, 5, 11, 142, 19, 107, true, 'Regular Season');
insert into bmffl.games (id, season_id, week, awayTeam_id, awayScore, homeTeam_id, homeScore, completed, gameType) values (105, 2, 6, 20, 52, 11, 104.5, true, 'Regular Season');
insert into bmffl.games (id, season_id, week, awayTeam_id, awayScore, homeTeam_id, homeScore, completed, gameType) values (106, 2, 6, 19, 85.5, 12, 67.5, true, 'Regular Season');
insert into bmffl.games (id, season_id, week, awayTeam_id, awayScore, homeTeam_id, homeScore, completed, gameType) values (107, 2, 6, 15, 107, 14, 111.5, true, 'Regular Season');
insert into bmffl.games (id, season_id, week, awayTeam_id, awayScore, homeTeam_id, homeScore, completed, gameType) values (108, 2, 6, 13, 69, 16, 84.5, true, 'Regular Season');
insert into bmffl.games (id, season_id, week, awayTeam_id, awayScore, homeTeam_id, homeScore, completed, gameType) values (109, 2, 6, 18, 83, 17, 62, true, 'Regular Season');
insert into bmffl.games (id, season_id, week, awayTeam_id, awayScore, homeTeam_id, homeScore, completed, gameType) values (110, 2, 7, 12, 62.5, 20, 94.5, true, 'Regular Season');
insert into bmffl.games (id, season_id, week, awayTeam_id, awayScore, homeTeam_id, homeScore, completed, gameType) values (111, 2, 7, 11, 100.5, 13, 61.5, true, 'Regular Season');
insert into bmffl.games (id, season_id, week, awayTeam_id, awayScore, homeTeam_id, homeScore, completed, gameType) values (112, 2, 7, 17, 68.5, 15, 97, true, 'Regular Season');
insert into bmffl.games (id, season_id, week, awayTeam_id, awayScore, homeTeam_id, homeScore, completed, gameType) values (113, 2, 7, 16, 89, 18, 77.5, true, 'Regular Season');
insert into bmffl.games (id, season_id, week, awayTeam_id, awayScore, homeTeam_id, homeScore, completed, gameType) values (114, 2, 7, 14, 80.5, 19, 61, true, 'Regular Season');
insert into bmffl.games (id, season_id, week, awayTeam_id, awayScore, homeTeam_id, homeScore, completed, gameType) values (115, 2, 8, 18, 100, 11, 65, true, 'Regular Season');
insert into bmffl.games (id, season_id, week, awayTeam_id, awayScore, homeTeam_id, homeScore, completed, gameType) values (116, 2, 8, 13, 60, 12, 73, true, 'Regular Season');
insert into bmffl.games (id, season_id, week, awayTeam_id, awayScore, homeTeam_id, homeScore, completed, gameType) values (117, 2, 8, 20, 96.5, 14, 70, true, 'Regular Season');
insert into bmffl.games (id, season_id, week, awayTeam_id, awayScore, homeTeam_id, homeScore, completed, gameType) values (118, 2, 8, 15, 98, 16, 88, true, 'Regular Season');
insert into bmffl.games (id, season_id, week, awayTeam_id, awayScore, homeTeam_id, homeScore, completed, gameType) values (119, 2, 8, 19, 44.5, 17, 98.5, true, 'Regular Season');
insert into bmffl.games (id, season_id, week, awayTeam_id, awayScore, homeTeam_id, homeScore, completed, gameType) values (120, 2, 9, 15, 131, 20, 71.5, true, 'Regular Season');
insert into bmffl.games (id, season_id, week, awayTeam_id, awayScore, homeTeam_id, homeScore, completed, gameType) values (121, 2, 9, 18, 110, 13, 81, true, 'Regular Season');
insert into bmffl.games (id, season_id, week, awayTeam_id, awayScore, homeTeam_id, homeScore, completed, gameType) values (122, 2, 9, 12, 76.5, 14, 141, true, 'Regular Season');
insert into bmffl.games (id, season_id, week, awayTeam_id, awayScore, homeTeam_id, homeScore, completed, gameType) values (123, 2, 9, 11, 73.5, 17, 104, true, 'Regular Season');
insert into bmffl.games (id, season_id, week, awayTeam_id, awayScore, homeTeam_id, homeScore, completed, gameType) values (124, 2, 9, 16, 90.5, 19, 58.5, true, 'Regular Season');
insert into bmffl.games (id, season_id, week, awayTeam_id, awayScore, homeTeam_id, homeScore, completed, gameType) values (125, 2, 10, 12, 84.5, 11, 94, true, 'Regular Season');
insert into bmffl.games (id, season_id, week, awayTeam_id, awayScore, homeTeam_id, homeScore, completed, gameType) values (126, 2, 10, 17, 85.5, 20, 48.5, true, 'Regular Season');
insert into bmffl.games (id, season_id, week, awayTeam_id, awayScore, homeTeam_id, homeScore, completed, gameType) values (127, 2, 10, 19, 88, 13, 53.5, true, 'Regular Season');
insert into bmffl.games (id, season_id, week, awayTeam_id, awayScore, homeTeam_id, homeScore, completed, gameType) values (128, 2, 10, 14, 107.5, 16, 120.5, true, 'Regular Season');
insert into bmffl.games (id, season_id, week, awayTeam_id, awayScore, homeTeam_id, homeScore, completed, gameType) values (129, 2, 10, 15, 77.5, 18, 56.5, true, 'Regular Season');
insert into bmffl.games (id, season_id, week, awayTeam_id, awayScore, homeTeam_id, homeScore, completed, gameType) values (130, 2, 11, 16, 84.5, 11, 68.5, true, 'Regular Season');
insert into bmffl.games (id, season_id, week, awayTeam_id, awayScore, homeTeam_id, homeScore, completed, gameType) values (131, 2, 11, 18, 79, 20, 110, true, 'Regular Season');
insert into bmffl.games (id, season_id, week, awayTeam_id, awayScore, homeTeam_id, homeScore, completed, gameType) values (132, 2, 11, 17, 45.5, 12, 78, true, 'Regular Season');
insert into bmffl.games (id, season_id, week, awayTeam_id, awayScore, homeTeam_id, homeScore, completed, gameType) values (133, 2, 11, 14, 72.5, 13, 50.5, true, 'Regular Season');
insert into bmffl.games (id, season_id, week, awayTeam_id, awayScore, homeTeam_id, homeScore, completed, gameType) values (134, 2, 11, 15, 64, 19, 69, true, 'Regular Season');
insert into bmffl.games (id, season_id, week, awayTeam_id, awayScore, homeTeam_id, homeScore, completed, gameType) values (135, 2, 12, 11, 65, 14, 99, true, 'Regular Season');
insert into bmffl.games (id, season_id, week, awayTeam_id, awayScore, homeTeam_id, homeScore, completed, gameType) values (136, 2, 12, 13, 82.5, 15, 94.5, true, 'Regular Season');
insert into bmffl.games (id, season_id, week, awayTeam_id, awayScore, homeTeam_id, homeScore, completed, gameType) values (137, 2, 12, 16, 82.5, 17, 60.5, true, 'Regular Season');
insert into bmffl.games (id, season_id, week, awayTeam_id, awayScore, homeTeam_id, homeScore, completed, gameType) values (138, 2, 12, 12, 70, 18, 97.5, true, 'Regular Season');
insert into bmffl.games (id, season_id, week, awayTeam_id, awayScore, homeTeam_id, homeScore, completed, gameType) values (139, 2, 12, 20, 94.5, 19, 125, true, 'Regular Season');
insert into bmffl.games (id, season_id, week, awayTeam_id, awayScore, homeTeam_id, homeScore, completed, gameType) values (140, 2, 13, 20, 86.5, 13, 83.5, true, 'Regular Season');
insert into bmffl.games (id, season_id, week, awayTeam_id, awayScore, homeTeam_id, homeScore, completed, gameType) values (141, 2, 13, 11, 55, 15, 114.5, true, 'Regular Season');
insert into bmffl.games (id, season_id, week, awayTeam_id, awayScore, homeTeam_id, homeScore, completed, gameType) values (142, 2, 13, 12, 89, 16, 87.5, true, 'Regular Season');
insert into bmffl.games (id, season_id, week, awayTeam_id, awayScore, homeTeam_id, homeScore, completed, gameType) values (143, 2, 13, 14, 71, 17, 95.5, true, 'Regular Season');
insert into bmffl.games (id, season_id, week, awayTeam_id, awayScore, homeTeam_id, homeScore, completed, gameType) values (144, 2, 13, 19, 92.5, 18, 74.5, true, 'Regular Season');
insert into bmffl.games (id, season_id, week, awayTeam_id, awayScore, homeTeam_id, homeScore, completed, gameType) values (145, 2, 14, 13, 113, 12, 97, true, 'Consolation Game');
insert into bmffl.games (id, season_id, week, awayTeam_id, awayScore, homeTeam_id, homeScore, completed, gameType) values (146, 2, 14, 11, 84, 15, 106, true, 'Quarter Final');
insert into bmffl.games (id, season_id, week, awayTeam_id, awayScore, homeTeam_id, homeScore, completed, gameType) values (147, 2, 14, 17, 128, 18, 67.5, true, 'Consolation Game');
insert into bmffl.games (id, season_id, week, awayTeam_id, awayScore, homeTeam_id, homeScore, completed, gameType) values (148, 2, 14, 20, 75.5, 19, 97.5, true, 'Quarter Final');
insert into bmffl.games (id, season_id, week, awayTeam_id, awayScore, homeTeam_id, homeScore, completed, gameType) values (149, 2, 15, 20, 105, 11, 121, true, 'Consolation Game');
insert into bmffl.games (id, season_id, week, awayTeam_id, awayScore, homeTeam_id, homeScore, completed, gameType) values (150, 2, 15, 19, 83.5, 14, 56, true, 'Semi Final');
insert into bmffl.games (id, season_id, week, awayTeam_id, awayScore, homeTeam_id, homeScore, completed, gameType) values (151, 2, 15, 15, 96, 16, 58.5, true, 'Semi Final');
insert into bmffl.games (id, season_id, week, awayTeam_id, awayScore, homeTeam_id, homeScore, completed, gameType) values (152, 2, 15, 13, 82, 17, 67.5, true, 'Consolation Game');
insert into bmffl.games (id, season_id, week, awayTeam_id, awayScore, homeTeam_id, homeScore, completed, gameType) values (153, 2, 15, 12, 110.5, 18, 98, true, 'Consolation Game');
insert into bmffl.games (id, season_id, week, awayTeam_id, awayScore, homeTeam_id, homeScore, completed, gameType) values (154, 2, 16, 20, 65, 11, 99.5, true, 'Consolation Game');
insert into bmffl.games (id, season_id, week, awayTeam_id, awayScore, homeTeam_id, homeScore, completed, gameType) values (155, 2, 16, 13, 121.5, 12, 72.5, true, 'Consolation Game');
insert into bmffl.games (id, season_id, week, awayTeam_id, awayScore, homeTeam_id, homeScore, completed, gameType) values (156, 2, 16, 14, 104.5, 16, 102, true, 'Consolation Game');
insert into bmffl.games (id, season_id, week, awayTeam_id, awayScore, homeTeam_id, homeScore, completed, gameType) values (157, 2, 16, 17, 104, 18, 91, true, 'Consolation Game');
insert into bmffl.games (id, season_id, week, awayTeam_id, awayScore, homeTeam_id, homeScore, completed, gameType) values (158, 2, 16, 15, 80.5, 19, 117.5, true, 'Super Bowl');
insert into bmffl.games (id, season_id, week, awayTeam_id, awayScore, homeTeam_id, homeScore, completed, gameType) values (159, 3, 1, 27, 102.5, 21, 125, true, 'Regular Season');
insert into bmffl.games (id, season_id, week, awayTeam_id, awayScore, homeTeam_id, homeScore, completed, gameType) values (160, 3, 1, 26, 76.5, 30, 83, true, 'Regular Season');
insert into bmffl.games (id, season_id, week, awayTeam_id, awayScore, homeTeam_id, homeScore, completed, gameType) values (161, 3, 1, 24, 76, 22, 86.5, true, 'Regular Season');
insert into bmffl.games (id, season_id, week, awayTeam_id, awayScore, homeTeam_id, homeScore, completed, gameType) values (162, 3, 1, 28, 125.5, 25, 92.5, true, 'Regular Season');
insert into bmffl.games (id, season_id, week, awayTeam_id, awayScore, homeTeam_id, homeScore, completed, gameType) values (163, 3, 1, 23, 115, 29, 106, true, 'Regular Season');
insert into bmffl.games (id, season_id, week, awayTeam_id, awayScore, homeTeam_id, homeScore, completed, gameType) values (164, 3, 2, 21, 82, 22, 79, true, 'Regular Season');
insert into bmffl.games (id, season_id, week, awayTeam_id, awayScore, homeTeam_id, homeScore, completed, gameType) values (165, 3, 2, 27, 96.5, 23, 71.5, true, 'Regular Season');
insert into bmffl.games (id, season_id, week, awayTeam_id, awayScore, homeTeam_id, homeScore, completed, gameType) values (166, 3, 2, 26, 94.5, 24, 73, true, 'Regular Season');
insert into bmffl.games (id, season_id, week, awayTeam_id, awayScore, homeTeam_id, homeScore, completed, gameType) values (167, 3, 2, 29, 97, 25, 102.5, true, 'Regular Season');
insert into bmffl.games (id, season_id, week, awayTeam_id, awayScore, homeTeam_id, homeScore, completed, gameType) values (168, 3, 2, 30, 125, 28, 59, true, 'Regular Season');
insert into bmffl.games (id, season_id, week, awayTeam_id, awayScore, homeTeam_id, homeScore, completed, gameType) values (169, 3, 3, 29, 56.5, 30, 75, true, 'Regular Season');
insert into bmffl.games (id, season_id, week, awayTeam_id, awayScore, homeTeam_id, homeScore, completed, gameType) values (170, 3, 3, 25, 92.5, 23, 60, true, 'Regular Season');
insert into bmffl.games (id, season_id, week, awayTeam_id, awayScore, homeTeam_id, homeScore, completed, gameType) values (171, 3, 3, 21, 62.5, 26, 91, true, 'Regular Season');
insert into bmffl.games (id, season_id, week, awayTeam_id, awayScore, homeTeam_id, homeScore, completed, gameType) values (172, 3, 3, 22, 73, 27, 96, true, 'Regular Season');
insert into bmffl.games (id, season_id, week, awayTeam_id, awayScore, homeTeam_id, homeScore, completed, gameType) values (173, 3, 3, 24, 98, 28, 96.5, true, 'Regular Season');
insert into bmffl.games (id, season_id, week, awayTeam_id, awayScore, homeTeam_id, homeScore, completed, gameType) values (174, 3, 4, 24, 109, 21, 117, true, 'Regular Season');
insert into bmffl.games (id, season_id, week, awayTeam_id, awayScore, homeTeam_id, homeScore, completed, gameType) values (175, 3, 4, 23, 102, 30, 119, true, 'Regular Season');
insert into bmffl.games (id, season_id, week, awayTeam_id, awayScore, homeTeam_id, homeScore, completed, gameType) values (176, 3, 4, 22, 66, 25, 84.5, true, 'Regular Season');
insert into bmffl.games (id, season_id, week, awayTeam_id, awayScore, homeTeam_id, homeScore, completed, gameType) values (177, 3, 4, 27, 112, 26, 72, true, 'Regular Season');
insert into bmffl.games (id, season_id, week, awayTeam_id, awayScore, homeTeam_id, homeScore, completed, gameType) values (178, 3, 4, 28, 73.5, 29, 90, true, 'Regular Season');
insert into bmffl.games (id, season_id, week, awayTeam_id, awayScore, homeTeam_id, homeScore, completed, gameType) values (179, 3, 5, 26, 114.5, 22, 77, true, 'Regular Season');
insert into bmffl.games (id, season_id, week, awayTeam_id, awayScore, homeTeam_id, homeScore, completed, gameType) values (180, 3, 5, 27, 132, 24, 97.5, true, 'Regular Season');
insert into bmffl.games (id, season_id, week, awayTeam_id, awayScore, homeTeam_id, homeScore, completed, gameType) values (181, 3, 5, 30, 58, 25, 79.5, true, 'Regular Season');
insert into bmffl.games (id, season_id, week, awayTeam_id, awayScore, homeTeam_id, homeScore, completed, gameType) values (182, 3, 5, 23, 104, 28, 74.5, true, 'Regular Season');
insert into bmffl.games (id, season_id, week, awayTeam_id, awayScore, homeTeam_id, homeScore, completed, gameType) values (183, 3, 5, 21, 76, 29, 78.5, true, 'Regular Season');
insert into bmffl.games (id, season_id, week, awayTeam_id, awayScore, homeTeam_id, homeScore, completed, gameType) values (184, 3, 6, 30, 77, 21, 107.5, true, 'Regular Season');
insert into bmffl.games (id, season_id, week, awayTeam_id, awayScore, homeTeam_id, homeScore, completed, gameType) values (185, 3, 6, 29, 83.5, 22, 61.5, true, 'Regular Season');
insert into bmffl.games (id, season_id, week, awayTeam_id, awayScore, homeTeam_id, homeScore, completed, gameType) values (186, 3, 6, 25, 103.5, 24, 48.5, true, 'Regular Season');
insert into bmffl.games (id, season_id, week, awayTeam_id, awayScore, homeTeam_id, homeScore, completed, gameType) values (187, 3, 6, 23, 49, 26, 83.5, true, 'Regular Season');
insert into bmffl.games (id, season_id, week, awayTeam_id, awayScore, homeTeam_id, homeScore, completed, gameType) values (188, 3, 6, 28, 79, 27, 67, true, 'Regular Season');
insert into bmffl.games (id, season_id, week, awayTeam_id, awayScore, homeTeam_id, homeScore, completed, gameType) values (189, 3, 7, 22, 26, 30, 88.5, true, 'Regular Season');
insert into bmffl.games (id, season_id, week, awayTeam_id, awayScore, homeTeam_id, homeScore, completed, gameType) values (190, 3, 7, 21, 76.5, 23, 79, true, 'Regular Season');
insert into bmffl.games (id, season_id, week, awayTeam_id, awayScore, homeTeam_id, homeScore, completed, gameType) values (191, 3, 7, 27, 119.5, 25, 69.5, true, 'Regular Season');
insert into bmffl.games (id, season_id, week, awayTeam_id, awayScore, homeTeam_id, homeScore, completed, gameType) values (192, 3, 7, 26, 100.5, 28, 116.5, true, 'Regular Season');
insert into bmffl.games (id, season_id, week, awayTeam_id, awayScore, homeTeam_id, homeScore, completed, gameType) values (193, 3, 7, 24, 81, 29, 67.5, true, 'Regular Season');
insert into bmffl.games (id, season_id, week, awayTeam_id, awayScore, homeTeam_id, homeScore, completed, gameType) values (194, 3, 8, 28, 94.5, 21, 104, true, 'Regular Season');
insert into bmffl.games (id, season_id, week, awayTeam_id, awayScore, homeTeam_id, homeScore, completed, gameType) values (195, 3, 8, 23, 101.5, 22, 53.5, true, 'Regular Season');
insert into bmffl.games (id, season_id, week, awayTeam_id, awayScore, homeTeam_id, homeScore, completed, gameType) values (196, 3, 8, 30, 115.5, 24, 94.5, true, 'Regular Season');
insert into bmffl.games (id, season_id, week, awayTeam_id, awayScore, homeTeam_id, homeScore, completed, gameType) values (197, 3, 8, 25, 102, 26, 64, true, 'Regular Season');
insert into bmffl.games (id, season_id, week, awayTeam_id, awayScore, homeTeam_id, homeScore, completed, gameType) values (198, 3, 8, 29, 70.5, 27, 72, true, 'Regular Season');
insert into bmffl.games (id, season_id, week, awayTeam_id, awayScore, homeTeam_id, homeScore, completed, gameType) values (199, 3, 9, 25, 115.5, 30, 80.5, true, 'Regular Season');
insert into bmffl.games (id, season_id, week, awayTeam_id, awayScore, homeTeam_id, homeScore, completed, gameType) values (200, 3, 9, 28, 82, 23, 129, true, 'Regular Season');
insert into bmffl.games (id, season_id, week, awayTeam_id, awayScore, homeTeam_id, homeScore, completed, gameType) values (201, 3, 9, 22, 66, 24, 96.5, true, 'Regular Season');
insert into bmffl.games (id, season_id, week, awayTeam_id, awayScore, homeTeam_id, homeScore, completed, gameType) values (202, 3, 9, 21, 92, 27, 80, true, 'Regular Season');
insert into bmffl.games (id, season_id, week, awayTeam_id, awayScore, homeTeam_id, homeScore, completed, gameType) values (203, 3, 9, 26, 89.5, 29, 137, true, 'Regular Season');
insert into bmffl.games (id, season_id, week, awayTeam_id, awayScore, homeTeam_id, homeScore, completed, gameType) values (204, 3, 10, 22, 61.5, 21, 84, true, 'Regular Season');
insert into bmffl.games (id, season_id, week, awayTeam_id, awayScore, homeTeam_id, homeScore, completed, gameType) values (205, 3, 10, 27, 72, 30, 78, true, 'Regular Season');
insert into bmffl.games (id, season_id, week, awayTeam_id, awayScore, homeTeam_id, homeScore, completed, gameType) values (206, 3, 10, 29, 99, 23, 51.5, true, 'Regular Season');
insert into bmffl.games (id, season_id, week, awayTeam_id, awayScore, homeTeam_id, homeScore, completed, gameType) values (207, 3, 10, 24, 80, 26, 105, true, 'Regular Season');
insert into bmffl.games (id, season_id, week, awayTeam_id, awayScore, homeTeam_id, homeScore, completed, gameType) values (208, 3, 10, 25, 101.5, 28, 76, true, 'Regular Season');
insert into bmffl.games (id, season_id, week, awayTeam_id, awayScore, homeTeam_id, homeScore, completed, gameType) values (209, 3, 11, 26, 104, 21, 80.5, true, 'Regular Season');
insert into bmffl.games (id, season_id, week, awayTeam_id, awayScore, homeTeam_id, homeScore, completed, gameType) values (210, 3, 11, 28, 92, 30, 105.5, true, 'Regular Season');
insert into bmffl.games (id, season_id, week, awayTeam_id, awayScore, homeTeam_id, homeScore, completed, gameType) values (211, 3, 11, 27, 53.5, 22, 66.5, true, 'Regular Season');
insert into bmffl.games (id, season_id, week, awayTeam_id, awayScore, homeTeam_id, homeScore, completed, gameType) values (212, 3, 11, 24, 71.5, 23, 104, true, 'Regular Season');
insert into bmffl.games (id, season_id, week, awayTeam_id, awayScore, homeTeam_id, homeScore, completed, gameType) values (213, 3, 11, 25, 89.5, 29, 57, true, 'Regular Season');
insert into bmffl.games (id, season_id, week, awayTeam_id, awayScore, homeTeam_id, homeScore, completed, gameType) values (214, 3, 12, 21, 76.5, 24, 54.5, true, 'Regular Season');
insert into bmffl.games (id, season_id, week, awayTeam_id, awayScore, homeTeam_id, homeScore, completed, gameType) values (215, 3, 12, 23, 125.5, 25, 54, true, 'Regular Season');
insert into bmffl.games (id, season_id, week, awayTeam_id, awayScore, homeTeam_id, homeScore, completed, gameType) values (216, 3, 12, 26, 52.5, 27, 71, true, 'Regular Season');
insert into bmffl.games (id, season_id, week, awayTeam_id, awayScore, homeTeam_id, homeScore, completed, gameType) values (217, 3, 12, 22, 67.5, 28, 103.5, true, 'Regular Season');
insert into bmffl.games (id, season_id, week, awayTeam_id, awayScore, homeTeam_id, homeScore, completed, gameType) values (218, 3, 12, 30, 65.5, 29, 87, true, 'Regular Season');
insert into bmffl.games (id, season_id, week, awayTeam_id, awayScore, homeTeam_id, homeScore, completed, gameType) values (219, 3, 13, 30, 99.5, 23, 136, true, 'Regular Season');
insert into bmffl.games (id, season_id, week, awayTeam_id, awayScore, homeTeam_id, homeScore, completed, gameType) values (220, 3, 13, 21, 91, 25, 78.5, true, 'Regular Season');
insert into bmffl.games (id, season_id, week, awayTeam_id, awayScore, homeTeam_id, homeScore, completed, gameType) values (221, 3, 13, 22, 73.5, 26, 73, true, 'Regular Season');
insert into bmffl.games (id, season_id, week, awayTeam_id, awayScore, homeTeam_id, homeScore, completed, gameType) values (222, 3, 13, 24, 97.5, 27, 128, true, 'Regular Season');
insert into bmffl.games (id, season_id, week, awayTeam_id, awayScore, homeTeam_id, homeScore, completed, gameType) values (223, 3, 13, 29, 87.5, 28, 62, true, 'Regular Season');
insert into bmffl.games (id, season_id, week, awayTeam_id, awayScore, homeTeam_id, homeScore, completed, gameType) values (224, 3, 14, 27, 132.5, 30, 64.5, true, 'Quarter Final');
insert into bmffl.games (id, season_id, week, awayTeam_id, awayScore, homeTeam_id, homeScore, completed, gameType) values (225, 3, 14, 29, 96.5, 23, 142.5, true, 'Quarter Final');
insert into bmffl.games (id, season_id, week, awayTeam_id, awayScore, homeTeam_id, homeScore, completed, gameType) values (226, 3, 14, 22, 81.5, 24, 99, true, 'Consolation Game');
insert into bmffl.games (id, season_id, week, awayTeam_id, awayScore, homeTeam_id, homeScore, completed, gameType) values (227, 3, 14, 28, 115, 26, 103, true, 'Consolation Game');
insert into bmffl.games (id, season_id, week, awayTeam_id, awayScore, homeTeam_id, homeScore, completed, gameType) values (228, 3, 15, 27, 107, 21, 49, true, 'Semi Final');
insert into bmffl.games (id, season_id, week, awayTeam_id, awayScore, homeTeam_id, homeScore, completed, gameType) values (229, 3, 15, 29, 123.5, 30, 79, true, 'Consolation Game');
insert into bmffl.games (id, season_id, week, awayTeam_id, awayScore, homeTeam_id, homeScore, completed, gameType) values (230, 3, 15, 23, 103, 25, 95, true, 'Semi Final');
insert into bmffl.games (id, season_id, week, awayTeam_id, awayScore, homeTeam_id, homeScore, completed, gameType) values (231, 3, 15, 22, 86, 26, 87.5, true, 'Consolation Game');
insert into bmffl.games (id, season_id, week, awayTeam_id, awayScore, homeTeam_id, homeScore, completed, gameType) values (232, 3, 15, 24, 52.5, 28, 103, true, 'Consolation Game');
insert into bmffl.games (id, season_id, week, awayTeam_id, awayScore, homeTeam_id, homeScore, completed, gameType) values (233, 3, 16, 25, 79, 21, 70, true, 'Consolation Game');
insert into bmffl.games (id, season_id, week, awayTeam_id, awayScore, homeTeam_id, homeScore, completed, gameType) values (234, 3, 16, 29, 88.5, 30, 58.5, true, 'Consolation Game');
insert into bmffl.games (id, season_id, week, awayTeam_id, awayScore, homeTeam_id, homeScore, completed, gameType) values (235, 3, 16, 27, 114, 23, 84, true, 'Super Bowl');
insert into bmffl.games (id, season_id, week, awayTeam_id, awayScore, homeTeam_id, homeScore, completed, gameType) values (236, 3, 16, 22, 76.5, 24, 58.5, true, 'Consolation Game');
insert into bmffl.games (id, season_id, week, awayTeam_id, awayScore, homeTeam_id, homeScore, completed, gameType) values (237, 3, 16, 28, 102, 26, 80, true, 'Consolation Game');
insert into bmffl.games (id, season_id, week, awayTeam_id, awayScore, homeTeam_id, homeScore, completed, gameType) values (238, 4, 1, 37, 68, 31, 85.5, true, 'Regular Season');
insert into bmffl.games (id, season_id, week, awayTeam_id, awayScore, homeTeam_id, homeScore, completed, gameType) values (239, 4, 1, 36, 96, 40, 103.5, true, 'Regular Season');
insert into bmffl.games (id, season_id, week, awayTeam_id, awayScore, homeTeam_id, homeScore, completed, gameType) values (240, 4, 1, 34, 77.5, 32, 101, true, 'Regular Season');
insert into bmffl.games (id, season_id, week, awayTeam_id, awayScore, homeTeam_id, homeScore, completed, gameType) values (241, 4, 1, 38, 66.5, 35, 66, true, 'Regular Season');
insert into bmffl.games (id, season_id, week, awayTeam_id, awayScore, homeTeam_id, homeScore, completed, gameType) values (242, 4, 1, 33, 78.5, 39, 106.5, true, 'Regular Season');
insert into bmffl.games (id, season_id, week, awayTeam_id, awayScore, homeTeam_id, homeScore, completed, gameType) values (243, 4, 2, 31, 92.5, 32, 75, true, 'Regular Season');
insert into bmffl.games (id, season_id, week, awayTeam_id, awayScore, homeTeam_id, homeScore, completed, gameType) values (244, 4, 2, 37, 47, 33, 41.5, true, 'Regular Season');
insert into bmffl.games (id, season_id, week, awayTeam_id, awayScore, homeTeam_id, homeScore, completed, gameType) values (245, 4, 2, 36, 100, 34, 116, true, 'Regular Season');
insert into bmffl.games (id, season_id, week, awayTeam_id, awayScore, homeTeam_id, homeScore, completed, gameType) values (246, 4, 2, 39, 72.5, 35, 85.5, true, 'Regular Season');
insert into bmffl.games (id, season_id, week, awayTeam_id, awayScore, homeTeam_id, homeScore, completed, gameType) values (247, 4, 2, 40, 92.5, 38, 117.5, true, 'Regular Season');
insert into bmffl.games (id, season_id, week, awayTeam_id, awayScore, homeTeam_id, homeScore, completed, gameType) values (248, 4, 3, 39, 78.5, 40, 85.5, true, 'Regular Season');
insert into bmffl.games (id, season_id, week, awayTeam_id, awayScore, homeTeam_id, homeScore, completed, gameType) values (249, 4, 3, 35, 63.5, 33, 58, true, 'Regular Season');
insert into bmffl.games (id, season_id, week, awayTeam_id, awayScore, homeTeam_id, homeScore, completed, gameType) values (250, 4, 3, 31, 96.5, 36, 86, true, 'Regular Season');
insert into bmffl.games (id, season_id, week, awayTeam_id, awayScore, homeTeam_id, homeScore, completed, gameType) values (251, 4, 3, 32, 90.5, 37, 70, true, 'Regular Season');
insert into bmffl.games (id, season_id, week, awayTeam_id, awayScore, homeTeam_id, homeScore, completed, gameType) values (252, 4, 3, 34, 76.5, 38, 52.5, true, 'Regular Season');
insert into bmffl.games (id, season_id, week, awayTeam_id, awayScore, homeTeam_id, homeScore, completed, gameType) values (253, 4, 4, 34, 130.5, 31, 81, true, 'Regular Season');
insert into bmffl.games (id, season_id, week, awayTeam_id, awayScore, homeTeam_id, homeScore, completed, gameType) values (254, 4, 4, 33, 74.5, 40, 131.5, true, 'Regular Season');
insert into bmffl.games (id, season_id, week, awayTeam_id, awayScore, homeTeam_id, homeScore, completed, gameType) values (255, 4, 4, 32, 96, 35, 74.5, true, 'Regular Season');
insert into bmffl.games (id, season_id, week, awayTeam_id, awayScore, homeTeam_id, homeScore, completed, gameType) values (256, 4, 4, 37, 85.5, 36, 90.5, true, 'Regular Season');
insert into bmffl.games (id, season_id, week, awayTeam_id, awayScore, homeTeam_id, homeScore, completed, gameType) values (257, 4, 4, 38, 62.5, 39, 61.5, true, 'Regular Season');
insert into bmffl.games (id, season_id, week, awayTeam_id, awayScore, homeTeam_id, homeScore, completed, gameType) values (258, 4, 5, 36, 120, 32, 96.5, true, 'Regular Season');
insert into bmffl.games (id, season_id, week, awayTeam_id, awayScore, homeTeam_id, homeScore, completed, gameType) values (259, 4, 5, 37, 72, 34, 82.5, true, 'Regular Season');
insert into bmffl.games (id, season_id, week, awayTeam_id, awayScore, homeTeam_id, homeScore, completed, gameType) values (260, 4, 5, 40, 67.5, 35, 76, true, 'Regular Season');
insert into bmffl.games (id, season_id, week, awayTeam_id, awayScore, homeTeam_id, homeScore, completed, gameType) values (261, 4, 5, 33, 95.5, 38, 70, true, 'Regular Season');
insert into bmffl.games (id, season_id, week, awayTeam_id, awayScore, homeTeam_id, homeScore, completed, gameType) values (262, 4, 5, 31, 57.5, 39, 72.5, true, 'Regular Season');
insert into bmffl.games (id, season_id, week, awayTeam_id, awayScore, homeTeam_id, homeScore, completed, gameType) values (263, 4, 6, 40, 79.5, 31, 109.5, true, 'Regular Season');
insert into bmffl.games (id, season_id, week, awayTeam_id, awayScore, homeTeam_id, homeScore, completed, gameType) values (264, 4, 6, 39, 111, 32, 94.5, true, 'Regular Season');
insert into bmffl.games (id, season_id, week, awayTeam_id, awayScore, homeTeam_id, homeScore, completed, gameType) values (265, 4, 6, 35, 44, 34, 90.5, true, 'Regular Season');
insert into bmffl.games (id, season_id, week, awayTeam_id, awayScore, homeTeam_id, homeScore, completed, gameType) values (266, 4, 6, 33, 92.5, 36, 116.5, true, 'Regular Season');
insert into bmffl.games (id, season_id, week, awayTeam_id, awayScore, homeTeam_id, homeScore, completed, gameType) values (267, 4, 6, 38, 104.5, 37, 79, true, 'Regular Season');
insert into bmffl.games (id, season_id, week, awayTeam_id, awayScore, homeTeam_id, homeScore, completed, gameType) values (268, 4, 7, 32, 92.5, 40, 85, true, 'Regular Season');
insert into bmffl.games (id, season_id, week, awayTeam_id, awayScore, homeTeam_id, homeScore, completed, gameType) values (269, 4, 7, 31, 57, 33, 68, true, 'Regular Season');
insert into bmffl.games (id, season_id, week, awayTeam_id, awayScore, homeTeam_id, homeScore, completed, gameType) values (270, 4, 7, 37, 75.5, 35, 63, true, 'Regular Season');
insert into bmffl.games (id, season_id, week, awayTeam_id, awayScore, homeTeam_id, homeScore, completed, gameType) values (271, 4, 7, 36, 96.5, 38, 80, true, 'Regular Season');
insert into bmffl.games (id, season_id, week, awayTeam_id, awayScore, homeTeam_id, homeScore, completed, gameType) values (272, 4, 7, 34, 70, 39, 78, true, 'Regular Season');
insert into bmffl.games (id, season_id, week, awayTeam_id, awayScore, homeTeam_id, homeScore, completed, gameType) values (273, 4, 8, 38, 97, 31, 141.5, true, 'Regular Season');
insert into bmffl.games (id, season_id, week, awayTeam_id, awayScore, homeTeam_id, homeScore, completed, gameType) values (274, 4, 8, 33, 58.5, 32, 104.5, true, 'Regular Season');
insert into bmffl.games (id, season_id, week, awayTeam_id, awayScore, homeTeam_id, homeScore, completed, gameType) values (275, 4, 8, 40, 122, 34, 98, true, 'Regular Season');
insert into bmffl.games (id, season_id, week, awayTeam_id, awayScore, homeTeam_id, homeScore, completed, gameType) values (276, 4, 8, 35, 116, 36, 140.5, true, 'Regular Season');
insert into bmffl.games (id, season_id, week, awayTeam_id, awayScore, homeTeam_id, homeScore, completed, gameType) values (277, 4, 8, 39, 81.5, 37, 56, true, 'Regular Season');
insert into bmffl.games (id, season_id, week, awayTeam_id, awayScore, homeTeam_id, homeScore, completed, gameType) values (278, 4, 9, 35, 98.5, 40, 73.5, true, 'Regular Season');
insert into bmffl.games (id, season_id, week, awayTeam_id, awayScore, homeTeam_id, homeScore, completed, gameType) values (279, 4, 9, 38, 109, 33, 45, true, 'Regular Season');
insert into bmffl.games (id, season_id, week, awayTeam_id, awayScore, homeTeam_id, homeScore, completed, gameType) values (280, 4, 9, 32, 119.5, 34, 89.5, true, 'Regular Season');
insert into bmffl.games (id, season_id, week, awayTeam_id, awayScore, homeTeam_id, homeScore, completed, gameType) values (281, 4, 9, 31, 119.5, 37, 65, true, 'Regular Season');
insert into bmffl.games (id, season_id, week, awayTeam_id, awayScore, homeTeam_id, homeScore, completed, gameType) values (282, 4, 9, 36, 54, 39, 79, true, 'Regular Season');
insert into bmffl.games (id, season_id, week, awayTeam_id, awayScore, homeTeam_id, homeScore, completed, gameType) values (283, 4, 10, 32, 116.5, 31, 72.5, true, 'Regular Season');
insert into bmffl.games (id, season_id, week, awayTeam_id, awayScore, homeTeam_id, homeScore, completed, gameType) values (284, 4, 10, 37, 54.5, 40, 85, true, 'Regular Season');
insert into bmffl.games (id, season_id, week, awayTeam_id, awayScore, homeTeam_id, homeScore, completed, gameType) values (285, 4, 10, 39, 84, 33, 109.5, true, 'Regular Season');
insert into bmffl.games (id, season_id, week, awayTeam_id, awayScore, homeTeam_id, homeScore, completed, gameType) values (286, 4, 10, 34, 106.5, 36, 109, true, 'Regular Season');
insert into bmffl.games (id, season_id, week, awayTeam_id, awayScore, homeTeam_id, homeScore, completed, gameType) values (287, 4, 10, 35, 74, 38, 91.5, true, 'Regular Season');
insert into bmffl.games (id, season_id, week, awayTeam_id, awayScore, homeTeam_id, homeScore, completed, gameType) values (288, 4, 11, 36, 70.5, 31, 38, true, 'Regular Season');
insert into bmffl.games (id, season_id, week, awayTeam_id, awayScore, homeTeam_id, homeScore, completed, gameType) values (289, 4, 11, 38, 90.5, 40, 75, true, 'Regular Season');
insert into bmffl.games (id, season_id, week, awayTeam_id, awayScore, homeTeam_id, homeScore, completed, gameType) values (290, 4, 11, 37, 79, 32, 77.5, true, 'Regular Season');
insert into bmffl.games (id, season_id, week, awayTeam_id, awayScore, homeTeam_id, homeScore, completed, gameType) values (291, 4, 11, 34, 85, 33, 105.5, true, 'Regular Season');
insert into bmffl.games (id, season_id, week, awayTeam_id, awayScore, homeTeam_id, homeScore, completed, gameType) values (292, 4, 11, 35, 121.5, 39, 72.5, true, 'Regular Season');
insert into bmffl.games (id, season_id, week, awayTeam_id, awayScore, homeTeam_id, homeScore, completed, gameType) values (293, 4, 12, 31, 51.5, 34, 102.5, true, 'Regular Season');
insert into bmffl.games (id, season_id, week, awayTeam_id, awayScore, homeTeam_id, homeScore, completed, gameType) values (294, 4, 12, 33, 139.5, 35, 124, true, 'Regular Season');
insert into bmffl.games (id, season_id, week, awayTeam_id, awayScore, homeTeam_id, homeScore, completed, gameType) values (295, 4, 12, 36, 92.5, 37, 65.5, true, 'Regular Season');
insert into bmffl.games (id, season_id, week, awayTeam_id, awayScore, homeTeam_id, homeScore, completed, gameType) values (296, 4, 12, 32, 70, 38, 104.5, true, 'Regular Season');
insert into bmffl.games (id, season_id, week, awayTeam_id, awayScore, homeTeam_id, homeScore, completed, gameType) values (297, 4, 12, 40, 71, 39, 104.5, true, 'Regular Season');
insert into bmffl.games (id, season_id, week, awayTeam_id, awayScore, homeTeam_id, homeScore, completed, gameType) values (298, 4, 13, 40, 110, 33, 61, true, 'Regular Season');
insert into bmffl.games (id, season_id, week, awayTeam_id, awayScore, homeTeam_id, homeScore, completed, gameType) values (299, 4, 13, 31, 79.5, 35, 86.5, true, 'Regular Season');
insert into bmffl.games (id, season_id, week, awayTeam_id, awayScore, homeTeam_id, homeScore, completed, gameType) values (300, 4, 13, 32, 125, 36, 70, true, 'Regular Season');
insert into bmffl.games (id, season_id, week, awayTeam_id, awayScore, homeTeam_id, homeScore, completed, gameType) values (301, 4, 13, 34, 114, 37, 104, true, 'Regular Season');
insert into bmffl.games (id, season_id, week, awayTeam_id, awayScore, homeTeam_id, homeScore, completed, gameType) values (302, 4, 13, 39, 112.5, 38, 77.5, true, 'Regular Season');
insert into bmffl.games (id, season_id, week, awayTeam_id, awayScore, homeTeam_id, homeScore, completed, gameType) values (303, 4, 14, 37, 108, 33, 76, true, 'Consolation Game');
insert into bmffl.games (id, season_id, week, awayTeam_id, awayScore, homeTeam_id, homeScore, completed, gameType) values (304, 4, 14, 31, 91, 35, 120.5, true, 'Consolation Game');
insert into bmffl.games (id, season_id, week, awayTeam_id, awayScore, homeTeam_id, homeScore, completed, gameType) values (305, 4, 14, 40, 70, 36, 82.5, true, 'Quarter Final');
insert into bmffl.games (id, season_id, week, awayTeam_id, awayScore, homeTeam_id, homeScore, completed, gameType) values (306, 4, 14, 34, 94.5, 38, 73.5, true, 'Quarter Final');
insert into bmffl.games (id, season_id, week, awayTeam_id, awayScore, homeTeam_id, homeScore, completed, gameType) values (307, 4, 15, 33, 121, 31, 65.5, true, 'Consolation Game');
insert into bmffl.games (id, season_id, week, awayTeam_id, awayScore, homeTeam_id, homeScore, completed, gameType) values (308, 4, 15, 36, 76, 32, 74.5, true, 'Semi Final');
insert into bmffl.games (id, season_id, week, awayTeam_id, awayScore, homeTeam_id, homeScore, completed, gameType) values (309, 4, 15, 37, 88.5, 35, 81, true, 'Consolation Game');
insert into bmffl.games (id, season_id, week, awayTeam_id, awayScore, homeTeam_id, homeScore, completed, gameType) values (310, 4, 15, 40, 69.5, 38, 88.5, true, 'Consolation Game');
insert into bmffl.games (id, season_id, week, awayTeam_id, awayScore, homeTeam_id, homeScore, completed, gameType) values (311, 4, 15, 34, 71.5, 39, 58, true, 'Semi Final');
insert into bmffl.games (id, season_id, week, awayTeam_id, awayScore, homeTeam_id, homeScore, completed, gameType) values (312, 4, 16, 37, 48.5, 33, 85.5, true, 'Consolation Game');
insert into bmffl.games (id, season_id, week, awayTeam_id, awayScore, homeTeam_id, homeScore, completed, gameType) values (313, 4, 16, 31, 48.5, 35, 78.5, true, 'Consolation Game');
insert into bmffl.games (id, season_id, week, awayTeam_id, awayScore, homeTeam_id, homeScore, completed, gameType) values (314, 4, 16, 34, 80, 36, 101.5, true, 'Super Bowl');
insert into bmffl.games (id, season_id, week, awayTeam_id, awayScore, homeTeam_id, homeScore, completed, gameType) values (315, 4, 16, 40, 82, 38, 91.5, true, 'Consolation Game');
insert into bmffl.games (id, season_id, week, awayTeam_id, awayScore, homeTeam_id, homeScore, completed, gameType) values (316, 4, 16, 32, 91, 39, 85.5, true, 'Consolation Game');
insert into bmffl.games (id, season_id, week, awayTeam_id, awayScore, homeTeam_id, homeScore, completed, gameType) values (317, 5, 1, 47, 82, 44, 108, true, 'Regular Season');
insert into bmffl.games (id, season_id, week, awayTeam_id, awayScore, homeTeam_id, homeScore, completed, gameType) values (318, 5, 1, 46, 53, 50, 103.5, true, 'Regular Season');
insert into bmffl.games (id, season_id, week, awayTeam_id, awayScore, homeTeam_id, homeScore, completed, gameType) values (319, 5, 1, 41, 117.5, 43, 77.5, true, 'Regular Season');
insert into bmffl.games (id, season_id, week, awayTeam_id, awayScore, homeTeam_id, homeScore, completed, gameType) values (320, 5, 1, 42, 74, 49, 109, true, 'Regular Season');
insert into bmffl.games (id, season_id, week, awayTeam_id, awayScore, homeTeam_id, homeScore, completed, gameType) values (321, 5, 1, 45, 77.5, 48, 101, true, 'Regular Season');
insert into bmffl.games (id, season_id, week, awayTeam_id, awayScore, homeTeam_id, homeScore, completed, gameType) values (322, 5, 2, 44, 65, 46, 90.5, true, 'Regular Season');
insert into bmffl.games (id, season_id, week, awayTeam_id, awayScore, homeTeam_id, homeScore, completed, gameType) values (323, 5, 2, 43, 69, 47, 97, true, 'Regular Season');
insert into bmffl.games (id, season_id, week, awayTeam_id, awayScore, homeTeam_id, homeScore, completed, gameType) values (324, 5, 2, 49, 81.5, 48, 71, true, 'Regular Season');
insert into bmffl.games (id, season_id, week, awayTeam_id, awayScore, homeTeam_id, homeScore, completed, gameType) values (325, 5, 2, 50, 46, 42, 69, true, 'Regular Season');
insert into bmffl.games (id, season_id, week, awayTeam_id, awayScore, homeTeam_id, homeScore, completed, gameType) values (326, 5, 2, 45, 88, 41, 77.5, true, 'Regular Season');
insert into bmffl.games (id, season_id, week, awayTeam_id, awayScore, homeTeam_id, homeScore, completed, gameType) values (327, 5, 3, 47, 130, 44, 76.5, true, 'Regular Season');
insert into bmffl.games (id, season_id, week, awayTeam_id, awayScore, homeTeam_id, homeScore, completed, gameType) values (328, 5, 3, 45, 138, 43, 107, true, 'Regular Season');
insert into bmffl.games (id, season_id, week, awayTeam_id, awayScore, homeTeam_id, homeScore, completed, gameType) values (329, 5, 3, 42, 81, 48, 72, true, 'Regular Season');
insert into bmffl.games (id, season_id, week, awayTeam_id, awayScore, homeTeam_id, homeScore, completed, gameType) values (330, 5, 3, 46, 67, 49, 144.5, true, 'Regular Season');
insert into bmffl.games (id, season_id, week, awayTeam_id, awayScore, homeTeam_id, homeScore, completed, gameType) values (331, 5, 3, 41, 117.5, 50, 100, true, 'Regular Season');
insert into bmffl.games (id, season_id, week, awayTeam_id, awayScore, homeTeam_id, homeScore, completed, gameType) values (332, 5, 4, 41, 69, 44, 60.5, true, 'Regular Season');
insert into bmffl.games (id, season_id, week, awayTeam_id, awayScore, homeTeam_id, homeScore, completed, gameType) values (333, 5, 4, 42, 61, 46, 55.5, true, 'Regular Season');
insert into bmffl.games (id, season_id, week, awayTeam_id, awayScore, homeTeam_id, homeScore, completed, gameType) values (334, 5, 4, 48, 60, 50, 106, true, 'Regular Season');
insert into bmffl.games (id, season_id, week, awayTeam_id, awayScore, homeTeam_id, homeScore, completed, gameType) values (335, 5, 4, 45, 86.5, 49, 80.5, true, 'Regular Season');
insert into bmffl.games (id, season_id, week, awayTeam_id, awayScore, homeTeam_id, homeScore, completed, gameType) values (336, 5, 4, 43, 79.5, 47, 57.5, true, 'Regular Season');
insert into bmffl.games (id, season_id, week, awayTeam_id, awayScore, homeTeam_id, homeScore, completed, gameType) values (337, 5, 5, 49, 101.5, 44, 75.5, true, 'Regular Season');
insert into bmffl.games (id, season_id, week, awayTeam_id, awayScore, homeTeam_id, homeScore, completed, gameType) values (338, 5, 5, 45, 88, 50, 137.5, true, 'Regular Season');
insert into bmffl.games (id, season_id, week, awayTeam_id, awayScore, homeTeam_id, homeScore, completed, gameType) values (339, 5, 5, 46, 92, 47, 53, true, 'Regular Season');
insert into bmffl.games (id, season_id, week, awayTeam_id, awayScore, homeTeam_id, homeScore, completed, gameType) values (340, 5, 5, 48, 70, 43, 67.5, true, 'Regular Season');
insert into bmffl.games (id, season_id, week, awayTeam_id, awayScore, homeTeam_id, homeScore, completed, gameType) values (341, 5, 5, 42, 60, 41, 87, true, 'Regular Season');
insert into bmffl.games (id, season_id, week, awayTeam_id, awayScore, homeTeam_id, homeScore, completed, gameType) values (342, 5, 6, 50, 119.5, 44, 106.5, true, 'Regular Season');
insert into bmffl.games (id, season_id, week, awayTeam_id, awayScore, homeTeam_id, homeScore, completed, gameType) values (343, 5, 6, 41, 115, 47, 96, true, 'Regular Season');
insert into bmffl.games (id, season_id, week, awayTeam_id, awayScore, homeTeam_id, homeScore, completed, gameType) values (344, 5, 6, 48, 78.5, 46, 68, true, 'Regular Season');
insert into bmffl.games (id, season_id, week, awayTeam_id, awayScore, homeTeam_id, homeScore, completed, gameType) values (345, 5, 6, 45, 95.5, 42, 117.5, true, 'Regular Season');
insert into bmffl.games (id, season_id, week, awayTeam_id, awayScore, homeTeam_id, homeScore, completed, gameType) values (346, 5, 6, 49, 75.5, 43, 55.5, true, 'Regular Season');
insert into bmffl.games (id, season_id, week, awayTeam_id, awayScore, homeTeam_id, homeScore, completed, gameType) values (347, 5, 7, 41, 81.5, 44, 72.5, true, 'Regular Season');
insert into bmffl.games (id, season_id, week, awayTeam_id, awayScore, homeTeam_id, homeScore, completed, gameType) values (348, 5, 7, 45, 42.5, 46, 87.5, true, 'Regular Season');
insert into bmffl.games (id, season_id, week, awayTeam_id, awayScore, homeTeam_id, homeScore, completed, gameType) values (349, 5, 7, 42, 121, 47, 152, true, 'Regular Season');
insert into bmffl.games (id, season_id, week, awayTeam_id, awayScore, homeTeam_id, homeScore, completed, gameType) values (350, 5, 7, 43, 80.5, 50, 82, true, 'Regular Season');
insert into bmffl.games (id, season_id, week, awayTeam_id, awayScore, homeTeam_id, homeScore, completed, gameType) values (351, 5, 7, 48, 68, 49, 134.5, true, 'Regular Season');
insert into bmffl.games (id, season_id, week, awayTeam_id, awayScore, homeTeam_id, homeScore, completed, gameType) values (352, 5, 8, 42, 98.5, 44, 60.5, true, 'Regular Season');
insert into bmffl.games (id, season_id, week, awayTeam_id, awayScore, homeTeam_id, homeScore, completed, gameType) values (353, 5, 8, 45, 58, 48, 54.5, true, 'Regular Season');
insert into bmffl.games (id, season_id, week, awayTeam_id, awayScore, homeTeam_id, homeScore, completed, gameType) values (354, 5, 8, 41, 99, 47, 91, true, 'Regular Season');
insert into bmffl.games (id, season_id, week, awayTeam_id, awayScore, homeTeam_id, homeScore, completed, gameType) values (355, 5, 8, 50, 88, 43, 67.5, true, 'Regular Season');
insert into bmffl.games (id, season_id, week, awayTeam_id, awayScore, homeTeam_id, homeScore, completed, gameType) values (356, 5, 8, 46, 87.5, 49, 105, true, 'Regular Season');
insert into bmffl.games (id, season_id, week, awayTeam_id, awayScore, homeTeam_id, homeScore, completed, gameType) values (357, 5, 9, 44, 78.5, 43, 98, true, 'Regular Season');
insert into bmffl.games (id, season_id, week, awayTeam_id, awayScore, homeTeam_id, homeScore, completed, gameType) values (358, 5, 9, 46, 93.5, 42, 79.5, true, 'Regular Season');
insert into bmffl.games (id, season_id, week, awayTeam_id, awayScore, homeTeam_id, homeScore, completed, gameType) values (359, 5, 9, 45, 96, 47, 123.5, true, 'Regular Season');
insert into bmffl.games (id, season_id, week, awayTeam_id, awayScore, homeTeam_id, homeScore, completed, gameType) values (360, 5, 9, 50, 123, 49, 94, true, 'Regular Season');
insert into bmffl.games (id, season_id, week, awayTeam_id, awayScore, homeTeam_id, homeScore, completed, gameType) values (361, 5, 9, 48, 89, 41, 115.5, true, 'Regular Season');
insert into bmffl.games (id, season_id, week, awayTeam_id, awayScore, homeTeam_id, homeScore, completed, gameType) values (362, 5, 10, 48, 61.5, 44, 97, true, 'Regular Season');
insert into bmffl.games (id, season_id, week, awayTeam_id, awayScore, homeTeam_id, homeScore, completed, gameType) values (363, 5, 10, 41, 102.5, 49, 112.5, true, 'Regular Season');
insert into bmffl.games (id, season_id, week, awayTeam_id, awayScore, homeTeam_id, homeScore, completed, gameType) values (364, 5, 10, 46, 22, 43, 112, true, 'Regular Season');
insert into bmffl.games (id, season_id, week, awayTeam_id, awayScore, homeTeam_id, homeScore, completed, gameType) values (365, 5, 10, 50, 52, 47, 117.5, true, 'Regular Season');
insert into bmffl.games (id, season_id, week, awayTeam_id, awayScore, homeTeam_id, homeScore, completed, gameType) values (366, 5, 10, 45, 39, 42, 60.5, true, 'Regular Season');
insert into bmffl.games (id, season_id, week, awayTeam_id, awayScore, homeTeam_id, homeScore, completed, gameType) values (367, 5, 11, 45, 100.5, 44, 54.5, true, 'Regular Season');
insert into bmffl.games (id, season_id, week, awayTeam_id, awayScore, homeTeam_id, homeScore, completed, gameType) values (368, 5, 11, 42, 61.5, 43, 65, true, 'Regular Season');
insert into bmffl.games (id, season_id, week, awayTeam_id, awayScore, homeTeam_id, homeScore, completed, gameType) values (369, 5, 11, 48, 41, 46, 68, true, 'Regular Season');
insert into bmffl.games (id, season_id, week, awayTeam_id, awayScore, homeTeam_id, homeScore, completed, gameType) values (370, 5, 11, 41, 85.5, 50, 106.5, true, 'Regular Season');
insert into bmffl.games (id, season_id, week, awayTeam_id, awayScore, homeTeam_id, homeScore, completed, gameType) values (371, 5, 11, 49, 88.5, 47, 85, true, 'Regular Season');
insert into bmffl.games (id, season_id, week, awayTeam_id, awayScore, homeTeam_id, homeScore, completed, gameType) values (372, 5, 12, 50, 79.5, 44, 81, true, 'Regular Season');
insert into bmffl.games (id, season_id, week, awayTeam_id, awayScore, homeTeam_id, homeScore, completed, gameType) values (373, 5, 12, 42, 136, 49, 72.5, true, 'Regular Season');
insert into bmffl.games (id, season_id, week, awayTeam_id, awayScore, homeTeam_id, homeScore, completed, gameType) values (374, 5, 12, 45, 70.5, 46, 84.5, true, 'Regular Season');
insert into bmffl.games (id, season_id, week, awayTeam_id, awayScore, homeTeam_id, homeScore, completed, gameType) values (375, 5, 12, 41, 90, 43, 121, true, 'Regular Season');
insert into bmffl.games (id, season_id, week, awayTeam_id, awayScore, homeTeam_id, homeScore, completed, gameType) values (376, 5, 12, 48, 62, 47, 70.5, true, 'Regular Season');
insert into bmffl.games (id, season_id, week, awayTeam_id, awayScore, homeTeam_id, homeScore, completed, gameType) values (377, 5, 13, 44, 51, 43, 112, true, 'Regular Season');
insert into bmffl.games (id, season_id, week, awayTeam_id, awayScore, homeTeam_id, homeScore, completed, gameType) values (378, 5, 13, 45, 111, 49, 100, true, 'Regular Season');
insert into bmffl.games (id, season_id, week, awayTeam_id, awayScore, homeTeam_id, homeScore, completed, gameType) values (379, 5, 13, 46, 90, 41, 116, true, 'Regular Season');
insert into bmffl.games (id, season_id, week, awayTeam_id, awayScore, homeTeam_id, homeScore, completed, gameType) values (380, 5, 13, 42, 77.5, 48, 55, true, 'Regular Season');
insert into bmffl.games (id, season_id, week, awayTeam_id, awayScore, homeTeam_id, homeScore, completed, gameType) values (381, 5, 13, 50, 142.5, 47, 105.5, true, 'Regular Season');
insert into bmffl.games (id, season_id, week, awayTeam_id, awayScore, homeTeam_id, homeScore, completed, gameType) values (382, 5, 14, 48, 78.5, 44, 83, true, 'Consolation Game');
insert into bmffl.games (id, season_id, week, awayTeam_id, awayScore, homeTeam_id, homeScore, completed, gameType) values (383, 5, 14, 46, 49.5, 43, 116.5, true, 'Consolation Game');
insert into bmffl.games (id, season_id, week, awayTeam_id, awayScore, homeTeam_id, homeScore, completed, gameType) values (384, 5, 14, 47, 71, 42, 88, true, 'Quarter Final');
insert into bmffl.games (id, season_id, week, awayTeam_id, awayScore, homeTeam_id, homeScore, completed, gameType) values (385, 5, 14, 45, 46.5, 41, 87.5, true, 'Quarter Final');
insert into bmffl.games (id, season_id, week, awayTeam_id, awayScore, homeTeam_id, homeScore, completed, gameType) values (386, 5, 15, 45, 131, 47, 90.5, true, 'Consolation Game');
insert into bmffl.games (id, season_id, week, awayTeam_id, awayScore, homeTeam_id, homeScore, completed, gameType) values (387, 5, 15, 42, 90, 50, 112.5, true, 'Semi Final');
insert into bmffl.games (id, season_id, week, awayTeam_id, awayScore, homeTeam_id, homeScore, completed, gameType) values (388, 5, 15, 44, 75, 43, 110, true, 'Consolation Game');
insert into bmffl.games (id, season_id, week, awayTeam_id, awayScore, homeTeam_id, homeScore, completed, gameType) values (389, 5, 15, 48, 117.5, 46, 79.5, true, 'Consolation Game');
insert into bmffl.games (id, season_id, week, awayTeam_id, awayScore, homeTeam_id, homeScore, completed, gameType) values (390, 5, 15, 41, 70, 49, 82.5, true, 'Semi Final');
insert into bmffl.games (id, season_id, week, awayTeam_id, awayScore, homeTeam_id, homeScore, completed, gameType) values (391, 5, 16, 42, 93.5, 41, 91, true, 'Consolation Game');
insert into bmffl.games (id, season_id, week, awayTeam_id, awayScore, homeTeam_id, homeScore, completed, gameType) values (392, 5, 16, 45, 73, 47, 69.5, true, 'Consolation Game');
insert into bmffl.games (id, season_id, week, awayTeam_id, awayScore, homeTeam_id, homeScore, completed, gameType) values (393, 5, 16, 49, 77, 50, 121, true, 'Super Bowl');
insert into bmffl.games (id, season_id, week, awayTeam_id, awayScore, homeTeam_id, homeScore, completed, gameType) values (394, 5, 16, 44, 105, 46, 74, true, 'Consolation Game');
insert into bmffl.games (id, season_id, week, awayTeam_id, awayScore, homeTeam_id, homeScore, completed, gameType) values (395, 5, 16, 48, 64, 43, 104.5, true, 'Consolation Game');
insert into bmffl.games (id, season_id, week, awayTeam_id, awayScore, homeTeam_id, homeScore, completed, gameType) values (396, 6, 1, 57, 68.5, 54, 80, true, 'Regular Season');
insert into bmffl.games (id, season_id, week, awayTeam_id, awayScore, homeTeam_id, homeScore, completed, gameType) values (397, 6, 1, 56, 64.5, 60, 99.5, true, 'Regular Season');
insert into bmffl.games (id, season_id, week, awayTeam_id, awayScore, homeTeam_id, homeScore, completed, gameType) values (398, 6, 1, 51, 91, 53, 116, true, 'Regular Season');
insert into bmffl.games (id, season_id, week, awayTeam_id, awayScore, homeTeam_id, homeScore, completed, gameType) values (399, 6, 1, 52, 79.5, 59, 111, true, 'Regular Season');
insert into bmffl.games (id, season_id, week, awayTeam_id, awayScore, homeTeam_id, homeScore, completed, gameType) values (400, 6, 1, 55, 131.5, 58, 106.5, true, 'Regular Season');
insert into bmffl.games (id, season_id, week, awayTeam_id, awayScore, homeTeam_id, homeScore, completed, gameType) values (401, 6, 2, 54, 83, 56, 76.5, true, 'Regular Season');
insert into bmffl.games (id, season_id, week, awayTeam_id, awayScore, homeTeam_id, homeScore, completed, gameType) values (402, 6, 2, 53, 72.5, 57, 84, true, 'Regular Season');
insert into bmffl.games (id, season_id, week, awayTeam_id, awayScore, homeTeam_id, homeScore, completed, gameType) values (403, 6, 2, 59, 59.5, 58, 81, true, 'Regular Season');
insert into bmffl.games (id, season_id, week, awayTeam_id, awayScore, homeTeam_id, homeScore, completed, gameType) values (404, 6, 2, 60, 96.5, 52, 56, true, 'Regular Season');
insert into bmffl.games (id, season_id, week, awayTeam_id, awayScore, homeTeam_id, homeScore, completed, gameType) values (405, 6, 2, 55, 107.5, 51, 103.5, true, 'Regular Season');
insert into bmffl.games (id, season_id, week, awayTeam_id, awayScore, homeTeam_id, homeScore, completed, gameType) values (406, 6, 3, 57, 142, 54, 104, true, 'Regular Season');
insert into bmffl.games (id, season_id, week, awayTeam_id, awayScore, homeTeam_id, homeScore, completed, gameType) values (407, 6, 3, 55, 33, 53, 105, true, 'Regular Season');
insert into bmffl.games (id, season_id, week, awayTeam_id, awayScore, homeTeam_id, homeScore, completed, gameType) values (408, 6, 3, 52, 64, 58, 99.5, true, 'Regular Season');
insert into bmffl.games (id, season_id, week, awayTeam_id, awayScore, homeTeam_id, homeScore, completed, gameType) values (409, 6, 3, 56, 81, 59, 87, true, 'Regular Season');
insert into bmffl.games (id, season_id, week, awayTeam_id, awayScore, homeTeam_id, homeScore, completed, gameType) values (410, 6, 3, 51, 105, 60, 83, true, 'Regular Season');
insert into bmffl.games (id, season_id, week, awayTeam_id, awayScore, homeTeam_id, homeScore, completed, gameType) values (411, 6, 4, 51, 86, 54, 116.5, true, 'Regular Season');
insert into bmffl.games (id, season_id, week, awayTeam_id, awayScore, homeTeam_id, homeScore, completed, gameType) values (412, 6, 4, 52, 62.5, 56, 37.5, true, 'Regular Season');
insert into bmffl.games (id, season_id, week, awayTeam_id, awayScore, homeTeam_id, homeScore, completed, gameType) values (413, 6, 4, 58, 89.5, 60, 118.5, true, 'Regular Season');
insert into bmffl.games (id, season_id, week, awayTeam_id, awayScore, homeTeam_id, homeScore, completed, gameType) values (414, 6, 4, 55, 79, 59, 99, true, 'Regular Season');
insert into bmffl.games (id, season_id, week, awayTeam_id, awayScore, homeTeam_id, homeScore, completed, gameType) values (415, 6, 4, 53, 73, 57, 97, true, 'Regular Season');
insert into bmffl.games (id, season_id, week, awayTeam_id, awayScore, homeTeam_id, homeScore, completed, gameType) values (416, 6, 5, 59, 124, 54, 140, true, 'Regular Season');
insert into bmffl.games (id, season_id, week, awayTeam_id, awayScore, homeTeam_id, homeScore, completed, gameType) values (417, 6, 5, 55, 71, 60, 76, true, 'Regular Season');
insert into bmffl.games (id, season_id, week, awayTeam_id, awayScore, homeTeam_id, homeScore, completed, gameType) values (418, 6, 5, 56, 72, 57, 114, true, 'Regular Season');
insert into bmffl.games (id, season_id, week, awayTeam_id, awayScore, homeTeam_id, homeScore, completed, gameType) values (419, 6, 5, 58, 69, 53, 100, true, 'Regular Season');
insert into bmffl.games (id, season_id, week, awayTeam_id, awayScore, homeTeam_id, homeScore, completed, gameType) values (420, 6, 5, 52, 83, 51, 103.5, true, 'Regular Season');
insert into bmffl.games (id, season_id, week, awayTeam_id, awayScore, homeTeam_id, homeScore, completed, gameType) values (421, 6, 6, 60, 75.5, 54, 67.5, true, 'Regular Season');
insert into bmffl.games (id, season_id, week, awayTeam_id, awayScore, homeTeam_id, homeScore, completed, gameType) values (422, 6, 6, 51, 62.5, 57, 60, true, 'Regular Season');
insert into bmffl.games (id, season_id, week, awayTeam_id, awayScore, homeTeam_id, homeScore, completed, gameType) values (423, 6, 6, 58, 137.5, 56, 74, true, 'Regular Season');
insert into bmffl.games (id, season_id, week, awayTeam_id, awayScore, homeTeam_id, homeScore, completed, gameType) values (424, 6, 6, 55, 51, 52, 46, true, 'Regular Season');
insert into bmffl.games (id, season_id, week, awayTeam_id, awayScore, homeTeam_id, homeScore, completed, gameType) values (425, 6, 6, 59, 97, 53, 91, true, 'Regular Season');
insert into bmffl.games (id, season_id, week, awayTeam_id, awayScore, homeTeam_id, homeScore, completed, gameType) values (426, 6, 7, 51, 96.5, 54, 119.5, true, 'Regular Season');
insert into bmffl.games (id, season_id, week, awayTeam_id, awayScore, homeTeam_id, homeScore, completed, gameType) values (427, 6, 7, 55, 82, 56, 99.5, true, 'Regular Season');
insert into bmffl.games (id, season_id, week, awayTeam_id, awayScore, homeTeam_id, homeScore, completed, gameType) values (428, 6, 7, 52, 113, 57, 63.5, true, 'Regular Season');
insert into bmffl.games (id, season_id, week, awayTeam_id, awayScore, homeTeam_id, homeScore, completed, gameType) values (429, 6, 7, 53, 98, 60, 103.5, true, 'Regular Season');
insert into bmffl.games (id, season_id, week, awayTeam_id, awayScore, homeTeam_id, homeScore, completed, gameType) values (430, 6, 7, 58, 60, 59, 57, true, 'Regular Season');
insert into bmffl.games (id, season_id, week, awayTeam_id, awayScore, homeTeam_id, homeScore, completed, gameType) values (431, 6, 8, 52, 75.5, 54, 91, true, 'Regular Season');
insert into bmffl.games (id, season_id, week, awayTeam_id, awayScore, homeTeam_id, homeScore, completed, gameType) values (432, 6, 8, 55, 100, 58, 81.5, true, 'Regular Season');
insert into bmffl.games (id, season_id, week, awayTeam_id, awayScore, homeTeam_id, homeScore, completed, gameType) values (433, 6, 8, 51, 97.5, 57, 55, true, 'Regular Season');
insert into bmffl.games (id, season_id, week, awayTeam_id, awayScore, homeTeam_id, homeScore, completed, gameType) values (434, 6, 8, 60, 76, 53, 100, true, 'Regular Season');
insert into bmffl.games (id, season_id, week, awayTeam_id, awayScore, homeTeam_id, homeScore, completed, gameType) values (435, 6, 8, 56, 79, 59, 108.5, true, 'Regular Season');
insert into bmffl.games (id, season_id, week, awayTeam_id, awayScore, homeTeam_id, homeScore, completed, gameType) values (436, 6, 9, 54, 105, 53, 90.5, true, 'Regular Season');
insert into bmffl.games (id, season_id, week, awayTeam_id, awayScore, homeTeam_id, homeScore, completed, gameType) values (437, 6, 9, 56, 36, 52, 79, true, 'Regular Season');
insert into bmffl.games (id, season_id, week, awayTeam_id, awayScore, homeTeam_id, homeScore, completed, gameType) values (438, 6, 9, 55, 67.5, 57, 80, true, 'Regular Season');
insert into bmffl.games (id, season_id, week, awayTeam_id, awayScore, homeTeam_id, homeScore, completed, gameType) values (439, 6, 9, 60, 161, 59, 76.5, true, 'Regular Season');
insert into bmffl.games (id, season_id, week, awayTeam_id, awayScore, homeTeam_id, homeScore, completed, gameType) values (440, 6, 9, 58, 85.5, 51, 79, true, 'Regular Season');
insert into bmffl.games (id, season_id, week, awayTeam_id, awayScore, homeTeam_id, homeScore, completed, gameType) values (441, 6, 10, 58, 97.5, 54, 82, true, 'Regular Season');
insert into bmffl.games (id, season_id, week, awayTeam_id, awayScore, homeTeam_id, homeScore, completed, gameType) values (442, 6, 10, 51, 90, 59, 44.5, true, 'Regular Season');
insert into bmffl.games (id, season_id, week, awayTeam_id, awayScore, homeTeam_id, homeScore, completed, gameType) values (443, 6, 10, 56, 64.5, 53, 93.5, true, 'Regular Season');
insert into bmffl.games (id, season_id, week, awayTeam_id, awayScore, homeTeam_id, homeScore, completed, gameType) values (444, 6, 10, 60, 94.5, 57, 100.5, true, 'Regular Season');
insert into bmffl.games (id, season_id, week, awayTeam_id, awayScore, homeTeam_id, homeScore, completed, gameType) values (445, 6, 10, 55, 113, 52, 93.5, true, 'Regular Season');
insert into bmffl.games (id, season_id, week, awayTeam_id, awayScore, homeTeam_id, homeScore, completed, gameType) values (446, 6, 11, 55, 105, 54, 85.5, true, 'Regular Season');
insert into bmffl.games (id, season_id, week, awayTeam_id, awayScore, homeTeam_id, homeScore, completed, gameType) values (447, 6, 11, 52, 63.5, 53, 97, true, 'Regular Season');
insert into bmffl.games (id, season_id, week, awayTeam_id, awayScore, homeTeam_id, homeScore, completed, gameType) values (448, 6, 11, 58, 68, 56, 58, true, 'Regular Season');
insert into bmffl.games (id, season_id, week, awayTeam_id, awayScore, homeTeam_id, homeScore, completed, gameType) values (449, 6, 11, 51, 94, 60, 90.5, true, 'Regular Season');
insert into bmffl.games (id, season_id, week, awayTeam_id, awayScore, homeTeam_id, homeScore, completed, gameType) values (450, 6, 11, 59, 110, 57, 69, true, 'Regular Season');
insert into bmffl.games (id, season_id, week, awayTeam_id, awayScore, homeTeam_id, homeScore, completed, gameType) values (451, 6, 12, 60, 87, 54, 116.5, true, 'Regular Season');
insert into bmffl.games (id, season_id, week, awayTeam_id, awayScore, homeTeam_id, homeScore, completed, gameType) values (452, 6, 12, 52, 60.5, 59, 59, true, 'Regular Season');
insert into bmffl.games (id, season_id, week, awayTeam_id, awayScore, homeTeam_id, homeScore, completed, gameType) values (453, 6, 12, 55, 97.5, 56, 52, true, 'Regular Season');
insert into bmffl.games (id, season_id, week, awayTeam_id, awayScore, homeTeam_id, homeScore, completed, gameType) values (454, 6, 12, 51, 105, 53, 53, true, 'Regular Season');
insert into bmffl.games (id, season_id, week, awayTeam_id, awayScore, homeTeam_id, homeScore, completed, gameType) values (455, 6, 12, 58, 127, 57, 107, true, 'Regular Season');
insert into bmffl.games (id, season_id, week, awayTeam_id, awayScore, homeTeam_id, homeScore, completed, gameType) values (456, 6, 13, 54, 110, 53, 105, true, 'Regular Season');
insert into bmffl.games (id, season_id, week, awayTeam_id, awayScore, homeTeam_id, homeScore, completed, gameType) values (457, 6, 13, 55, 97, 59, 76.5, true, 'Regular Season');
insert into bmffl.games (id, season_id, week, awayTeam_id, awayScore, homeTeam_id, homeScore, completed, gameType) values (458, 6, 13, 56, 87.5, 51, 97.5, true, 'Regular Season');
insert into bmffl.games (id, season_id, week, awayTeam_id, awayScore, homeTeam_id, homeScore, completed, gameType) values (459, 6, 13, 52, 89, 58, 69, true, 'Regular Season');
insert into bmffl.games (id, season_id, week, awayTeam_id, awayScore, homeTeam_id, homeScore, completed, gameType) values (460, 6, 13, 60, 87, 57, 92, true, 'Regular Season');
insert into bmffl.games (id, season_id, week, awayTeam_id, awayScore, homeTeam_id, homeScore, completed, gameType) values (461, 6, 14, 57, 94.5, 51, 95.5, true, 'Quarter Final');
insert into bmffl.games (id, season_id, week, awayTeam_id, awayScore, homeTeam_id, homeScore, completed, gameType) values (462, 6, 14, 60, 79.5, 58, 66.5, true, 'Quarter Final');
insert into bmffl.games (id, season_id, week, awayTeam_id, awayScore, homeTeam_id, homeScore, completed, gameType) values (463, 6, 14, 53, 57.5, 59, 55, true, 'Consolation Game');
insert into bmffl.games (id, season_id, week, awayTeam_id, awayScore, homeTeam_id, homeScore, completed, gameType) values (464, 6, 14, 56, 40, 52, 67, true, 'Consolation Game');
insert into bmffl.games (id, season_id, week, awayTeam_id, awayScore, homeTeam_id, homeScore, completed, gameType) values (465, 6, 15, 51, 70, 54, 100.5, true, 'Semi Final');
insert into bmffl.games (id, season_id, week, awayTeam_id, awayScore, homeTeam_id, homeScore, completed, gameType) values (466, 6, 15, 60, 63.5, 55, 79, true, 'Semi Final');
insert into bmffl.games (id, season_id, week, awayTeam_id, awayScore, homeTeam_id, homeScore, completed, gameType) values (467, 6, 15, 57, 115.5, 58, 120, true, 'Consolation Game');
insert into bmffl.games (id, season_id, week, awayTeam_id, awayScore, homeTeam_id, homeScore, completed, gameType) values (468, 6, 15, 52, 93, 53, 58.5, true, 'Consolation Game');
insert into bmffl.games (id, season_id, week, awayTeam_id, awayScore, homeTeam_id, homeScore, completed, gameType) values (469, 6, 15, 56, 47, 59, 60, true, 'Consolation Game');
insert into bmffl.games (id, season_id, week, awayTeam_id, awayScore, homeTeam_id, homeScore, completed, gameType) values (470, 6, 16, 55, 111.5, 54, 148, true, 'Super Bowl');
insert into bmffl.games (id, season_id, week, awayTeam_id, awayScore, homeTeam_id, homeScore, completed, gameType) values (471, 6, 16, 60, 65, 51, 127, true, 'Consolation Game');
insert into bmffl.games (id, season_id, week, awayTeam_id, awayScore, homeTeam_id, homeScore, completed, gameType) values (472, 6, 16, 57, 76, 58, 91.5, true, 'Consolation Game');
insert into bmffl.games (id, season_id, week, awayTeam_id, awayScore, homeTeam_id, homeScore, completed, gameType) values (473, 6, 16, 52, 104, 59, 48, true, 'Consolation Game');
insert into bmffl.games (id, season_id, week, awayTeam_id, awayScore, homeTeam_id, homeScore, completed, gameType) values (474, 6, 16, 56, 56, 53, 69, true, 'Consolation Game');
insert into bmffl.games (id, season_id, week, awayTeam_id, awayScore, homeTeam_id, homeScore, completed, gameType) values (475, 7, 1, 67, 43, 64, 71.5, true, 'Regular Season');
insert into bmffl.games (id, season_id, week, awayTeam_id, awayScore, homeTeam_id, homeScore, completed, gameType) values (476, 7, 1, 66, 102.5, 70, 78.5, true, 'Regular Season');
insert into bmffl.games (id, season_id, week, awayTeam_id, awayScore, homeTeam_id, homeScore, completed, gameType) values (477, 7, 1, 61, 81, 63, 55.5, true, 'Regular Season');
insert into bmffl.games (id, season_id, week, awayTeam_id, awayScore, homeTeam_id, homeScore, completed, gameType) values (478, 7, 1, 62, 60.5, 69, 68.5, true, 'Regular Season');
insert into bmffl.games (id, season_id, week, awayTeam_id, awayScore, homeTeam_id, homeScore, completed, gameType) values (479, 7, 1, 65, 50, 68, 78.5, true, 'Regular Season');
insert into bmffl.games (id, season_id, week, awayTeam_id, awayScore, homeTeam_id, homeScore, completed, gameType) values (480, 7, 2, 64, 73, 66, 97, true, 'Regular Season');
insert into bmffl.games (id, season_id, week, awayTeam_id, awayScore, homeTeam_id, homeScore, completed, gameType) values (481, 7, 2, 63, 85, 67, 87.5, true, 'Regular Season');
insert into bmffl.games (id, season_id, week, awayTeam_id, awayScore, homeTeam_id, homeScore, completed, gameType) values (482, 7, 2, 69, 58, 68, 72, true, 'Regular Season');
insert into bmffl.games (id, season_id, week, awayTeam_id, awayScore, homeTeam_id, homeScore, completed, gameType) values (483, 7, 2, 70, 76, 62, 119, true, 'Regular Season');
insert into bmffl.games (id, season_id, week, awayTeam_id, awayScore, homeTeam_id, homeScore, completed, gameType) values (484, 7, 2, 65, 74.5, 61, 66.5, true, 'Regular Season');
insert into bmffl.games (id, season_id, week, awayTeam_id, awayScore, homeTeam_id, homeScore, completed, gameType) values (485, 7, 3, 67, 89.5, 64, 63, true, 'Regular Season');
insert into bmffl.games (id, season_id, week, awayTeam_id, awayScore, homeTeam_id, homeScore, completed, gameType) values (486, 7, 3, 65, 83, 63, 127, true, 'Regular Season');
insert into bmffl.games (id, season_id, week, awayTeam_id, awayScore, homeTeam_id, homeScore, completed, gameType) values (487, 7, 3, 62, 68, 68, 101.5, true, 'Regular Season');
insert into bmffl.games (id, season_id, week, awayTeam_id, awayScore, homeTeam_id, homeScore, completed, gameType) values (488, 7, 3, 66, 99, 69, 111, true, 'Regular Season');
insert into bmffl.games (id, season_id, week, awayTeam_id, awayScore, homeTeam_id, homeScore, completed, gameType) values (489, 7, 3, 61, 93, 70, 86, true, 'Regular Season');
insert into bmffl.games (id, season_id, week, awayTeam_id, awayScore, homeTeam_id, homeScore, completed, gameType) values (490, 7, 4, 61, 60, 64, 93, true, 'Regular Season');
insert into bmffl.games (id, season_id, week, awayTeam_id, awayScore, homeTeam_id, homeScore, completed, gameType) values (491, 7, 4, 62, 78.5, 66, 109, true, 'Regular Season');
insert into bmffl.games (id, season_id, week, awayTeam_id, awayScore, homeTeam_id, homeScore, completed, gameType) values (492, 7, 4, 68, 123.5, 70, 51, true, 'Regular Season');
insert into bmffl.games (id, season_id, week, awayTeam_id, awayScore, homeTeam_id, homeScore, completed, gameType) values (493, 7, 4, 65, 93.5, 69, 99, true, 'Regular Season');
insert into bmffl.games (id, season_id, week, awayTeam_id, awayScore, homeTeam_id, homeScore, completed, gameType) values (494, 7, 4, 63, 71.5, 67, 64.5, true, 'Regular Season');
insert into bmffl.games (id, season_id, week, awayTeam_id, awayScore, homeTeam_id, homeScore, completed, gameType) values (495, 7, 5, 69, 70, 64, 90.5, true, 'Regular Season');
insert into bmffl.games (id, season_id, week, awayTeam_id, awayScore, homeTeam_id, homeScore, completed, gameType) values (496, 7, 5, 65, 68.5, 70, 108, true, 'Regular Season');
insert into bmffl.games (id, season_id, week, awayTeam_id, awayScore, homeTeam_id, homeScore, completed, gameType) values (497, 7, 5, 66, 116.5, 67, 67, true, 'Regular Season');
insert into bmffl.games (id, season_id, week, awayTeam_id, awayScore, homeTeam_id, homeScore, completed, gameType) values (498, 7, 5, 68, 71.5, 63, 83.5, true, 'Regular Season');
insert into bmffl.games (id, season_id, week, awayTeam_id, awayScore, homeTeam_id, homeScore, completed, gameType) values (499, 7, 5, 62, 51.5, 61, 63, true, 'Regular Season');
insert into bmffl.games (id, season_id, week, awayTeam_id, awayScore, homeTeam_id, homeScore, completed, gameType) values (500, 7, 6, 70, 81.5, 64, 108, true, 'Regular Season');
insert into bmffl.games (id, season_id, week, awayTeam_id, awayScore, homeTeam_id, homeScore, completed, gameType) values (501, 7, 6, 61, 85, 67, 71.5, true, 'Regular Season');
insert into bmffl.games (id, season_id, week, awayTeam_id, awayScore, homeTeam_id, homeScore, completed, gameType) values (502, 7, 6, 68, 91, 66, 96, true, 'Regular Season');
insert into bmffl.games (id, season_id, week, awayTeam_id, awayScore, homeTeam_id, homeScore, completed, gameType) values (503, 7, 6, 65, 77.5, 62, 45.5, true, 'Regular Season');
insert into bmffl.games (id, season_id, week, awayTeam_id, awayScore, homeTeam_id, homeScore, completed, gameType) values (504, 7, 6, 69, 56, 63, 99, true, 'Regular Season');
insert into bmffl.games (id, season_id, week, awayTeam_id, awayScore, homeTeam_id, homeScore, completed, gameType) values (505, 7, 7, 61, 67.5, 64, 110, true, 'Regular Season');
insert into bmffl.games (id, season_id, week, awayTeam_id, awayScore, homeTeam_id, homeScore, completed, gameType) values (506, 7, 7, 65, 96, 66, 79.5, true, 'Regular Season');
insert into bmffl.games (id, season_id, week, awayTeam_id, awayScore, homeTeam_id, homeScore, completed, gameType) values (507, 7, 7, 62, 67.5, 67, 80, true, 'Regular Season');
insert into bmffl.games (id, season_id, week, awayTeam_id, awayScore, homeTeam_id, homeScore, completed, gameType) values (508, 7, 7, 63, 54.5, 70, 83, true, 'Regular Season');
insert into bmffl.games (id, season_id, week, awayTeam_id, awayScore, homeTeam_id, homeScore, completed, gameType) values (509, 7, 7, 68, 59.5, 69, 104.5, true, 'Regular Season');
insert into bmffl.games (id, season_id, week, awayTeam_id, awayScore, homeTeam_id, homeScore, completed, gameType) values (510, 7, 8, 62, 52.5, 64, 91.5, true, 'Regular Season');
insert into bmffl.games (id, season_id, week, awayTeam_id, awayScore, homeTeam_id, homeScore, completed, gameType) values (511, 7, 8, 65, 71, 68, 62, true, 'Regular Season');
insert into bmffl.games (id, season_id, week, awayTeam_id, awayScore, homeTeam_id, homeScore, completed, gameType) values (512, 7, 8, 61, 82, 67, 84.5, true, 'Regular Season');
insert into bmffl.games (id, season_id, week, awayTeam_id, awayScore, homeTeam_id, homeScore, completed, gameType) values (513, 7, 8, 70, 69, 63, 75.5, true, 'Regular Season');
insert into bmffl.games (id, season_id, week, awayTeam_id, awayScore, homeTeam_id, homeScore, completed, gameType) values (514, 7, 8, 66, 132.5, 69, 113.5, true, 'Regular Season');
insert into bmffl.games (id, season_id, week, awayTeam_id, awayScore, homeTeam_id, homeScore, completed, gameType) values (515, 7, 9, 64, 89.5, 63, 90.5, true, 'Regular Season');
insert into bmffl.games (id, season_id, week, awayTeam_id, awayScore, homeTeam_id, homeScore, completed, gameType) values (516, 7, 9, 66, 103, 62, 49.5, true, 'Regular Season');
insert into bmffl.games (id, season_id, week, awayTeam_id, awayScore, homeTeam_id, homeScore, completed, gameType) values (517, 7, 9, 65, 77, 67, 68, true, 'Regular Season');
insert into bmffl.games (id, season_id, week, awayTeam_id, awayScore, homeTeam_id, homeScore, completed, gameType) values (518, 7, 9, 70, 48, 69, 77, true, 'Regular Season');
insert into bmffl.games (id, season_id, week, awayTeam_id, awayScore, homeTeam_id, homeScore, completed, gameType) values (519, 7, 9, 68, 79.5, 61, 73.5, true, 'Regular Season');
insert into bmffl.games (id, season_id, week, awayTeam_id, awayScore, homeTeam_id, homeScore, completed, gameType) values (520, 7, 10, 68, 88, 64, 86, true, 'Regular Season');
insert into bmffl.games (id, season_id, week, awayTeam_id, awayScore, homeTeam_id, homeScore, completed, gameType) values (521, 7, 10, 61, 73.5, 69, 68, true, 'Regular Season');
insert into bmffl.games (id, season_id, week, awayTeam_id, awayScore, homeTeam_id, homeScore, completed, gameType) values (522, 7, 10, 66, 99.5, 63, 85.5, true, 'Regular Season');
insert into bmffl.games (id, season_id, week, awayTeam_id, awayScore, homeTeam_id, homeScore, completed, gameType) values (523, 7, 10, 70, 58, 67, 73, true, 'Regular Season');
insert into bmffl.games (id, season_id, week, awayTeam_id, awayScore, homeTeam_id, homeScore, completed, gameType) values (524, 7, 10, 65, 102, 62, 52.5, true, 'Regular Season');
insert into bmffl.games (id, season_id, week, awayTeam_id, awayScore, homeTeam_id, homeScore, completed, gameType) values (525, 7, 11, 65, 88.5, 64, 57, true, 'Regular Season');
insert into bmffl.games (id, season_id, week, awayTeam_id, awayScore, homeTeam_id, homeScore, completed, gameType) values (526, 7, 11, 62, 122, 63, 120, true, 'Regular Season');
insert into bmffl.games (id, season_id, week, awayTeam_id, awayScore, homeTeam_id, homeScore, completed, gameType) values (527, 7, 11, 68, 95.5, 66, 103, true, 'Regular Season');
insert into bmffl.games (id, season_id, week, awayTeam_id, awayScore, homeTeam_id, homeScore, completed, gameType) values (528, 7, 11, 61, 112.5, 70, 55.5, true, 'Regular Season');
insert into bmffl.games (id, season_id, week, awayTeam_id, awayScore, homeTeam_id, homeScore, completed, gameType) values (529, 7, 11, 69, 71, 67, 82, true, 'Regular Season');
insert into bmffl.games (id, season_id, week, awayTeam_id, awayScore, homeTeam_id, homeScore, completed, gameType) values (530, 7, 12, 70, 53, 64, 119, true, 'Regular Season');
insert into bmffl.games (id, season_id, week, awayTeam_id, awayScore, homeTeam_id, homeScore, completed, gameType) values (531, 7, 12, 62, 91, 69, 85.5, true, 'Regular Season');
insert into bmffl.games (id, season_id, week, awayTeam_id, awayScore, homeTeam_id, homeScore, completed, gameType) values (532, 7, 12, 65, 63.5, 66, 96.5, true, 'Regular Season');
insert into bmffl.games (id, season_id, week, awayTeam_id, awayScore, homeTeam_id, homeScore, completed, gameType) values (533, 7, 12, 61, 136, 63, 93, true, 'Regular Season');
insert into bmffl.games (id, season_id, week, awayTeam_id, awayScore, homeTeam_id, homeScore, completed, gameType) values (534, 7, 12, 68, 92, 67, 97.5, true, 'Regular Season');
insert into bmffl.games (id, season_id, week, awayTeam_id, awayScore, homeTeam_id, homeScore, completed, gameType) values (535, 7, 13, 64, 64, 63, 97.5, true, 'Regular Season');
insert into bmffl.games (id, season_id, week, awayTeam_id, awayScore, homeTeam_id, homeScore, completed, gameType) values (536, 7, 13, 65, 117, 69, 91.5, true, 'Regular Season');
insert into bmffl.games (id, season_id, week, awayTeam_id, awayScore, homeTeam_id, homeScore, completed, gameType) values (537, 7, 13, 66, 137.5, 61, 74.5, true, 'Regular Season');
insert into bmffl.games (id, season_id, week, awayTeam_id, awayScore, homeTeam_id, homeScore, completed, gameType) values (538, 7, 13, 62, 49, 68, 87, true, 'Regular Season');
insert into bmffl.games (id, season_id, week, awayTeam_id, awayScore, homeTeam_id, homeScore, completed, gameType) values (539, 7, 13, 70, 95.5, 67, 63, true, 'Regular Season');
insert into bmffl.games (id, season_id, week, awayTeam_id, awayScore, homeTeam_id, homeScore, completed, gameType) values (540, 7, 14, 68, 133.5, 64, 75.5, true, 'Quarter Final');
insert into bmffl.games (id, season_id, week, awayTeam_id, awayScore, homeTeam_id, homeScore, completed, gameType) values (541, 7, 14, 61, 77, 65, 104, true, 'Quarter Final');
insert into bmffl.games (id, season_id, week, awayTeam_id, awayScore, homeTeam_id, homeScore, completed, gameType) values (542, 7, 14, 69, 98, 67, 66, true, 'Consolation Game');
insert into bmffl.games (id, season_id, week, awayTeam_id, awayScore, homeTeam_id, homeScore, completed, gameType) values (543, 7, 14, 70, 81, 62, 76.5, true, 'Consolation Game');
insert into bmffl.games (id, season_id, week, awayTeam_id, awayScore, homeTeam_id, homeScore, completed, gameType) values (544, 7, 15, 68, 112, 66, 99.5, true, 'Semi Final');
insert into bmffl.games (id, season_id, week, awayTeam_id, awayScore, homeTeam_id, homeScore, completed, gameType) values (545, 7, 15, 65, 106, 63, 71, true, 'Semi Final');
insert into bmffl.games (id, season_id, week, awayTeam_id, awayScore, homeTeam_id, homeScore, completed, gameType) values (546, 7, 15, 61, 73.5, 64, 73, true, 'Consolation Game');
insert into bmffl.games (id, season_id, week, awayTeam_id, awayScore, homeTeam_id, homeScore, completed, gameType) values (547, 7, 15, 70, 80, 69, 47, true, 'Consolation Game');
insert into bmffl.games (id, season_id, week, awayTeam_id, awayScore, homeTeam_id, homeScore, completed, gameType) values (548, 7, 15, 62, 93.5, 67, 71.5, true, 'Consolation Game');
insert into bmffl.games (id, season_id, week, awayTeam_id, awayScore, homeTeam_id, homeScore, completed, gameType) values (549, 7, 16, 68, 89.5, 65, 59.5, true, 'Super Bowl');
insert into bmffl.games (id, season_id, week, awayTeam_id, awayScore, homeTeam_id, homeScore, completed, gameType) values (550, 7, 16, 61, 73.5, 64, 73, true, 'Consolation Game');
insert into bmffl.games (id, season_id, week, awayTeam_id, awayScore, homeTeam_id, homeScore, completed, gameType) values (551, 7, 16, 63, 70, 66, 91.5, true, 'Consolation Game');
insert into bmffl.games (id, season_id, week, awayTeam_id, awayScore, homeTeam_id, homeScore, completed, gameType) values (552, 7, 16, 70, 74, 62, 96.5, true, 'Consolation Game');
insert into bmffl.games (id, season_id, week, awayTeam_id, awayScore, homeTeam_id, homeScore, completed, gameType) values (553, 7, 16, 69, 85, 67, 54, true, 'Consolation Game');
insert into bmffl.games (id, season_id, week, awayTeam_id, awayScore, homeTeam_id, homeScore, completed, gameType) values (554, 8, 1, 77, 75.2, 74, 105.5, true, 'Regular Season');
insert into bmffl.games (id, season_id, week, awayTeam_id, awayScore, homeTeam_id, homeScore, completed, gameType) values (555, 8, 1, 76, 91.5, 80, 110.9, true, 'Regular Season');
insert into bmffl.games (id, season_id, week, awayTeam_id, awayScore, homeTeam_id, homeScore, completed, gameType) values (556, 8, 1, 71, 93.9, 73, 127.3, true, 'Regular Season');
insert into bmffl.games (id, season_id, week, awayTeam_id, awayScore, homeTeam_id, homeScore, completed, gameType) values (557, 8, 1, 72, 107.5, 79, 102.3, true, 'Regular Season');
insert into bmffl.games (id, season_id, week, awayTeam_id, awayScore, homeTeam_id, homeScore, completed, gameType) values (558, 8, 1, 75, 103.2, 78, 93.3, true, 'Regular Season');
insert into bmffl.games (id, season_id, week, awayTeam_id, awayScore, homeTeam_id, homeScore, completed, gameType) values (559, 8, 2, 74, 94.3, 76, 69.7, true, 'Regular Season');
insert into bmffl.games (id, season_id, week, awayTeam_id, awayScore, homeTeam_id, homeScore, completed, gameType) values (560, 8, 2, 73, 96.9, 77, 93.3, true, 'Regular Season');
insert into bmffl.games (id, season_id, week, awayTeam_id, awayScore, homeTeam_id, homeScore, completed, gameType) values (561, 8, 2, 79, 97.5, 78, 54, true, 'Regular Season');
insert into bmffl.games (id, season_id, week, awayTeam_id, awayScore, homeTeam_id, homeScore, completed, gameType) values (562, 8, 2, 80, 112.6, 72, 77.3, true, 'Regular Season');
insert into bmffl.games (id, season_id, week, awayTeam_id, awayScore, homeTeam_id, homeScore, completed, gameType) values (563, 8, 2, 75, 111.5, 71, 69.4, true, 'Regular Season');
insert into bmffl.games (id, season_id, week, awayTeam_id, awayScore, homeTeam_id, homeScore, completed, gameType) values (564, 8, 3, 77, 81, 74, 78.3, true, 'Regular Season');
insert into bmffl.games (id, season_id, week, awayTeam_id, awayScore, homeTeam_id, homeScore, completed, gameType) values (565, 8, 3, 75, 77.5, 73, 102.4, true, 'Regular Season');
insert into bmffl.games (id, season_id, week, awayTeam_id, awayScore, homeTeam_id, homeScore, completed, gameType) values (566, 8, 3, 72, 122.1, 78, 83.6, true, 'Regular Season');
insert into bmffl.games (id, season_id, week, awayTeam_id, awayScore, homeTeam_id, homeScore, completed, gameType) values (567, 8, 3, 76, 99.1, 79, 88.9, true, 'Regular Season');
insert into bmffl.games (id, season_id, week, awayTeam_id, awayScore, homeTeam_id, homeScore, completed, gameType) values (568, 8, 3, 71, 85.6, 80, 86.4, true, 'Regular Season');
insert into bmffl.games (id, season_id, week, awayTeam_id, awayScore, homeTeam_id, homeScore, completed, gameType) values (569, 8, 4, 71, 75.6, 74, 111.3, true, 'Regular Season');
insert into bmffl.games (id, season_id, week, awayTeam_id, awayScore, homeTeam_id, homeScore, completed, gameType) values (570, 8, 4, 72, 84.8, 76, 112.6, true, 'Regular Season');
insert into bmffl.games (id, season_id, week, awayTeam_id, awayScore, homeTeam_id, homeScore, completed, gameType) values (571, 8, 4, 78, 108.4, 80, 117.4, true, 'Regular Season');
insert into bmffl.games (id, season_id, week, awayTeam_id, awayScore, homeTeam_id, homeScore, completed, gameType) values (572, 8, 4, 75, 94.8, 79, 129.8, true, 'Regular Season');
insert into bmffl.games (id, season_id, week, awayTeam_id, awayScore, homeTeam_id, homeScore, completed, gameType) values (573, 8, 4, 73, 112.8, 77, 112.3, true, 'Regular Season');
insert into bmffl.games (id, season_id, week, awayTeam_id, awayScore, homeTeam_id, homeScore, completed, gameType) values (574, 8, 5, 79, 106.8, 74, 83.4, true, 'Regular Season');
insert into bmffl.games (id, season_id, week, awayTeam_id, awayScore, homeTeam_id, homeScore, completed, gameType) values (575, 8, 5, 75, 140.2, 80, 78.4, true, 'Regular Season');
insert into bmffl.games (id, season_id, week, awayTeam_id, awayScore, homeTeam_id, homeScore, completed, gameType) values (576, 8, 5, 76, 101.2, 77, 105.2, true, 'Regular Season');
insert into bmffl.games (id, season_id, week, awayTeam_id, awayScore, homeTeam_id, homeScore, completed, gameType) values (577, 8, 5, 78, 63.3, 73, 90.4, true, 'Regular Season');
insert into bmffl.games (id, season_id, week, awayTeam_id, awayScore, homeTeam_id, homeScore, completed, gameType) values (578, 8, 5, 72, 99.7, 71, 111.8, true, 'Regular Season');
insert into bmffl.games (id, season_id, week, awayTeam_id, awayScore, homeTeam_id, homeScore, completed, gameType) values (579, 8, 6, 80, 71.2, 74, 94.4, true, 'Regular Season');
insert into bmffl.games (id, season_id, week, awayTeam_id, awayScore, homeTeam_id, homeScore, completed, gameType) values (580, 8, 6, 71, 100.2, 77, 74.6, true, 'Regular Season');
insert into bmffl.games (id, season_id, week, awayTeam_id, awayScore, homeTeam_id, homeScore, completed, gameType) values (581, 8, 6, 78, 96.4, 76, 126.9, true, 'Regular Season');
insert into bmffl.games (id, season_id, week, awayTeam_id, awayScore, homeTeam_id, homeScore, completed, gameType) values (582, 8, 6, 75, 151.3, 72, 103, true, 'Regular Season');
insert into bmffl.games (id, season_id, week, awayTeam_id, awayScore, homeTeam_id, homeScore, completed, gameType) values (583, 8, 6, 79, 121.3, 73, 99.5, true, 'Regular Season');
insert into bmffl.games (id, season_id, week, awayTeam_id, awayScore, homeTeam_id, homeScore, completed, gameType) values (584, 8, 7, 71, 135.3, 74, 73.5, true, 'Regular Season');
insert into bmffl.games (id, season_id, week, awayTeam_id, awayScore, homeTeam_id, homeScore, completed, gameType) values (585, 8, 7, 75, 101.9, 76, 125.1, true, 'Regular Season');
insert into bmffl.games (id, season_id, week, awayTeam_id, awayScore, homeTeam_id, homeScore, completed, gameType) values (586, 8, 7, 72, 84.9, 77, 107.6, true, 'Regular Season');
insert into bmffl.games (id, season_id, week, awayTeam_id, awayScore, homeTeam_id, homeScore, completed, gameType) values (587, 8, 7, 73, 88.1, 80, 82, true, 'Regular Season');
insert into bmffl.games (id, season_id, week, awayTeam_id, awayScore, homeTeam_id, homeScore, completed, gameType) values (588, 8, 7, 78, 56.3, 79, 84.4, true, 'Regular Season');
insert into bmffl.games (id, season_id, week, awayTeam_id, awayScore, homeTeam_id, homeScore, completed, gameType) values (589, 8, 8, 72, 82, 74, 97.1, true, 'Regular Season');
insert into bmffl.games (id, season_id, week, awayTeam_id, awayScore, homeTeam_id, homeScore, completed, gameType) values (590, 8, 8, 75, 110.6, 78, 43.2, true, 'Regular Season');
insert into bmffl.games (id, season_id, week, awayTeam_id, awayScore, homeTeam_id, homeScore, completed, gameType) values (591, 8, 8, 71, 115.9, 77, 116.6, true, 'Regular Season');
insert into bmffl.games (id, season_id, week, awayTeam_id, awayScore, homeTeam_id, homeScore, completed, gameType) values (592, 8, 8, 80, 132.9, 73, 88.5, true, 'Regular Season');
insert into bmffl.games (id, season_id, week, awayTeam_id, awayScore, homeTeam_id, homeScore, completed, gameType) values (593, 8, 8, 76, 120.3, 79, 83.1, true, 'Regular Season');
insert into bmffl.games (id, season_id, week, awayTeam_id, awayScore, homeTeam_id, homeScore, completed, gameType) values (594, 8, 9, 74, 54, 73, 151.2, true, 'Regular Season');
insert into bmffl.games (id, season_id, week, awayTeam_id, awayScore, homeTeam_id, homeScore, completed, gameType) values (595, 8, 9, 76, 94.4, 72, 67.6, true, 'Regular Season');
insert into bmffl.games (id, season_id, week, awayTeam_id, awayScore, homeTeam_id, homeScore, completed, gameType) values (596, 8, 9, 75, 113, 77, 114.8, true, 'Regular Season');
insert into bmffl.games (id, season_id, week, awayTeam_id, awayScore, homeTeam_id, homeScore, completed, gameType) values (597, 8, 9, 80, 98.8, 79, 94.1, true, 'Regular Season');
insert into bmffl.games (id, season_id, week, awayTeam_id, awayScore, homeTeam_id, homeScore, completed, gameType) values (598, 8, 9, 78, 74.1, 71, 95.2, true, 'Regular Season');
insert into bmffl.games (id, season_id, week, awayTeam_id, awayScore, homeTeam_id, homeScore, completed, gameType) values (599, 8, 10, 78, 99.5, 74, 84.7, true, 'Regular Season');
insert into bmffl.games (id, season_id, week, awayTeam_id, awayScore, homeTeam_id, homeScore, completed, gameType) values (600, 8, 10, 71, 110.9, 79, 142.1, true, 'Regular Season');
insert into bmffl.games (id, season_id, week, awayTeam_id, awayScore, homeTeam_id, homeScore, completed, gameType) values (601, 8, 10, 76, 83.3, 73, 168.6, true, 'Regular Season');
insert into bmffl.games (id, season_id, week, awayTeam_id, awayScore, homeTeam_id, homeScore, completed, gameType) values (602, 8, 10, 80, 95.6, 77, 52.8, true, 'Regular Season');
insert into bmffl.games (id, season_id, week, awayTeam_id, awayScore, homeTeam_id, homeScore, completed, gameType) values (603, 8, 10, 75, 134.5, 72, 83.3, true, 'Regular Season');
insert into bmffl.games (id, season_id, week, awayTeam_id, awayScore, homeTeam_id, homeScore, completed, gameType) values (604, 8, 11, 75, 104.3, 74, 88.8, true, 'Regular Season');
insert into bmffl.games (id, season_id, week, awayTeam_id, awayScore, homeTeam_id, homeScore, completed, gameType) values (605, 8, 11, 72, 75.4, 73, 111.9, true, 'Regular Season');
insert into bmffl.games (id, season_id, week, awayTeam_id, awayScore, homeTeam_id, homeScore, completed, gameType) values (606, 8, 11, 78, 94.8, 76, 108.1, true, 'Regular Season');
insert into bmffl.games (id, season_id, week, awayTeam_id, awayScore, homeTeam_id, homeScore, completed, gameType) values (607, 8, 11, 71, 90.7, 80, 140.8, true, 'Regular Season');
insert into bmffl.games (id, season_id, week, awayTeam_id, awayScore, homeTeam_id, homeScore, completed, gameType) values (608, 8, 11, 79, 89.4, 77, 101.5, true, 'Regular Season');
insert into bmffl.games (id, season_id, week, awayTeam_id, awayScore, homeTeam_id, homeScore, completed, gameType) values (609, 8, 12, 80, 123.4, 74, 81.8, true, 'Regular Season');
insert into bmffl.games (id, season_id, week, awayTeam_id, awayScore, homeTeam_id, homeScore, completed, gameType) values (610, 8, 12, 72, 64.6, 79, 94.1, true, 'Regular Season');
insert into bmffl.games (id, season_id, week, awayTeam_id, awayScore, homeTeam_id, homeScore, completed, gameType) values (611, 8, 12, 75, 96.1, 76, 101, true, 'Regular Season');
insert into bmffl.games (id, season_id, week, awayTeam_id, awayScore, homeTeam_id, homeScore, completed, gameType) values (612, 8, 12, 71, 103.9, 73, 131, true, 'Regular Season');
insert into bmffl.games (id, season_id, week, awayTeam_id, awayScore, homeTeam_id, homeScore, completed, gameType) values (613, 8, 12, 78, 100.2, 77, 85.6, true, 'Regular Season');
insert into bmffl.games (id, season_id, week, awayTeam_id, awayScore, homeTeam_id, homeScore, completed, gameType) values (614, 8, 13, 74, 72.6, 73, 95.4, true, 'Regular Season');
insert into bmffl.games (id, season_id, week, awayTeam_id, awayScore, homeTeam_id, homeScore, completed, gameType) values (615, 8, 13, 75, 122.4, 79, 88.2, true, 'Regular Season');
insert into bmffl.games (id, season_id, week, awayTeam_id, awayScore, homeTeam_id, homeScore, completed, gameType) values (616, 8, 13, 76, 73.4, 71, 116, true, 'Regular Season');
insert into bmffl.games (id, season_id, week, awayTeam_id, awayScore, homeTeam_id, homeScore, completed, gameType) values (617, 8, 13, 72, 69.1, 78, 70.3, true, 'Regular Season');
insert into bmffl.games (id, season_id, week, awayTeam_id, awayScore, homeTeam_id, homeScore, completed, gameType) values (618, 8, 13, 80, 67.4, 77, 105.2, true, 'Regular Season');
insert into bmffl.games (id, season_id, week, awayTeam_id, awayScore, homeTeam_id, homeScore, completed, gameType) values (619, 8, 14, 74, 85.7, 71, 77.6, true, 'Consolation Game');
insert into bmffl.games (id, season_id, week, awayTeam_id, awayScore, homeTeam_id, homeScore, completed, gameType) values (620, 8, 14, 72, 37.9, 78, 136.3, true, 'Consolation Game');
insert into bmffl.games (id, season_id, week, awayTeam_id, awayScore, homeTeam_id, homeScore, completed, gameType) values (621, 8, 14, 77, 59.9, 75, 123.7, true, 'Quarter Final');
insert into bmffl.games (id, season_id, week, awayTeam_id, awayScore, homeTeam_id, homeScore, completed, gameType) values (622, 8, 14, 79, 48.7, 80, 104.5, true, 'Quarter Final');
insert into bmffl.games (id, season_id, week, awayTeam_id, awayScore, homeTeam_id, homeScore, completed, gameType) values (623, 8, 15, 78, 119.1, 74, 56.7, true, 'Consolation Game');
insert into bmffl.games (id, season_id, week, awayTeam_id, awayScore, homeTeam_id, homeScore, completed, gameType) values (624, 8, 15, 72, 72.1, 71, 62, true, 'Consolation Game');
insert into bmffl.games (id, season_id, week, awayTeam_id, awayScore, homeTeam_id, homeScore, completed, gameType) values (625, 8, 15, 79, 58.8, 77, 70.4, true, 'Consolation Game');
insert into bmffl.games (id, season_id, week, awayTeam_id, awayScore, homeTeam_id, homeScore, completed, gameType) values (626, 8, 15, 75, 70.2, 73, 68.2, true, 'Semi Final');
insert into bmffl.games (id, season_id, week, awayTeam_id, awayScore, homeTeam_id, homeScore, completed, gameType) values (627, 8, 15, 80, 102.9, 76, 71.9, true, 'Semi Final');
insert into bmffl.games (id, season_id, week, awayTeam_id, awayScore, homeTeam_id, homeScore, completed, gameType) values (628, 8, 16, 74, 0, 71, 0, false, 'Consolation Game');
insert into bmffl.games (id, season_id, week, awayTeam_id, awayScore, homeTeam_id, homeScore, completed, gameType) values (629, 8, 16, 72, 0, 78, 0, false, 'Consolation Game');
insert into bmffl.games (id, season_id, week, awayTeam_id, awayScore, homeTeam_id, homeScore, completed, gameType) values (630, 8, 16, 76, 0, 73, 0, false, 'Consolation Game');
insert into bmffl.games (id, season_id, week, awayTeam_id, awayScore, homeTeam_id, homeScore, completed, gameType) values (631, 8, 16, 79, 0, 77, 0, false, 'Consolation Game');
insert into bmffl.games (id, season_id, week, awayTeam_id, awayScore, homeTeam_id, homeScore, completed, gameType) values (632, 8, 16, 75, 0, 80, 0, false, 'Super Bowl');

insert into bmffl.games (id, season_id, week, awayTeam_id, awayScore, homeTeam_id, homeScore, completed, gameType) values (633, 9, 1, 87, 0, 84, 0, false, 'Regular Season');
insert into bmffl.games (id, season_id, week, awayTeam_id, awayScore, homeTeam_id, homeScore, completed, gameType) values (634, 9, 1, 86, 0, 90, 0, false, 'Regular Season');
insert into bmffl.games (id, season_id, week, awayTeam_id, awayScore, homeTeam_id, homeScore, completed, gameType) values (635, 9, 1, 81, 0, 83, 0, false, 'Regular Season');
insert into bmffl.games (id, season_id, week, awayTeam_id, awayScore, homeTeam_id, homeScore, completed, gameType) values (636, 9, 1, 82, 0, 89, 0, false, 'Regular Season');
insert into bmffl.games (id, season_id, week, awayTeam_id, awayScore, homeTeam_id, homeScore, completed, gameType) values (637, 9, 1, 85, 0, 88, 0, false, 'Regular Season');
insert into bmffl.games (id, season_id, week, awayTeam_id, awayScore, homeTeam_id, homeScore, completed, gameType) values (638, 9, 2, 84, 0, 86, 0, false, 'Regular Season');
insert into bmffl.games (id, season_id, week, awayTeam_id, awayScore, homeTeam_id, homeScore, completed, gameType) values (639, 9, 2, 83, 0, 87, 0, false, 'Regular Season');
insert into bmffl.games (id, season_id, week, awayTeam_id, awayScore, homeTeam_id, homeScore, completed, gameType) values (640, 9, 2, 89, 0, 88, 0, false, 'Regular Season');
insert into bmffl.games (id, season_id, week, awayTeam_id, awayScore, homeTeam_id, homeScore, completed, gameType) values (641, 9, 2, 90, 0, 82, 0, false, 'Regular Season');
insert into bmffl.games (id, season_id, week, awayTeam_id, awayScore, homeTeam_id, homeScore, completed, gameType) values (642, 9, 2, 85, 0, 81, 0, false, 'Regular Season');
insert into bmffl.games (id, season_id, week, awayTeam_id, awayScore, homeTeam_id, homeScore, completed, gameType) values (643, 9, 3, 87, 0, 84, 0, false, 'Regular Season');
insert into bmffl.games (id, season_id, week, awayTeam_id, awayScore, homeTeam_id, homeScore, completed, gameType) values (644, 9, 3, 85, 0, 83, 0, false, 'Regular Season');
insert into bmffl.games (id, season_id, week, awayTeam_id, awayScore, homeTeam_id, homeScore, completed, gameType) values (645, 9, 3, 82, 0, 88, 0, false, 'Regular Season');
insert into bmffl.games (id, season_id, week, awayTeam_id, awayScore, homeTeam_id, homeScore, completed, gameType) values (646, 9, 3, 86, 0, 89, 0, false, 'Regular Season');
insert into bmffl.games (id, season_id, week, awayTeam_id, awayScore, homeTeam_id, homeScore, completed, gameType) values (647, 9, 3, 81, 0, 90, 0, false, 'Regular Season');
insert into bmffl.games (id, season_id, week, awayTeam_id, awayScore, homeTeam_id, homeScore, completed, gameType) values (648, 9, 4, 81, 0, 84, 0, false, 'Regular Season');
insert into bmffl.games (id, season_id, week, awayTeam_id, awayScore, homeTeam_id, homeScore, completed, gameType) values (649, 9, 4, 82, 0, 86, 0, false, 'Regular Season');
insert into bmffl.games (id, season_id, week, awayTeam_id, awayScore, homeTeam_id, homeScore, completed, gameType) values (650, 9, 4, 88, 0, 90, 0, false, 'Regular Season');
insert into bmffl.games (id, season_id, week, awayTeam_id, awayScore, homeTeam_id, homeScore, completed, gameType) values (651, 9, 4, 85, 0, 89, 0, false, 'Regular Season');
insert into bmffl.games (id, season_id, week, awayTeam_id, awayScore, homeTeam_id, homeScore, completed, gameType) values (652, 9, 4, 83, 0, 87, 0, false, 'Regular Season');
insert into bmffl.games (id, season_id, week, awayTeam_id, awayScore, homeTeam_id, homeScore, completed, gameType) values (653, 9, 5, 89, 0, 84, 0, false, 'Regular Season');
insert into bmffl.games (id, season_id, week, awayTeam_id, awayScore, homeTeam_id, homeScore, completed, gameType) values (654, 9, 5, 85, 0, 90, 0, false, 'Regular Season');
insert into bmffl.games (id, season_id, week, awayTeam_id, awayScore, homeTeam_id, homeScore, completed, gameType) values (655, 9, 5, 86, 0, 87, 0, false, 'Regular Season');
insert into bmffl.games (id, season_id, week, awayTeam_id, awayScore, homeTeam_id, homeScore, completed, gameType) values (656, 9, 5, 88, 0, 83, 0, false, 'Regular Season');
insert into bmffl.games (id, season_id, week, awayTeam_id, awayScore, homeTeam_id, homeScore, completed, gameType) values (657, 9, 5, 82, 0, 81, 0, false, 'Regular Season');
insert into bmffl.games (id, season_id, week, awayTeam_id, awayScore, homeTeam_id, homeScore, completed, gameType) values (658, 9, 6, 90, 0, 84, 0, false, 'Regular Season');
insert into bmffl.games (id, season_id, week, awayTeam_id, awayScore, homeTeam_id, homeScore, completed, gameType) values (659, 9, 6, 81, 0, 87, 0, false, 'Regular Season');
insert into bmffl.games (id, season_id, week, awayTeam_id, awayScore, homeTeam_id, homeScore, completed, gameType) values (660, 9, 6, 88, 0, 86, 0, false, 'Regular Season');
insert into bmffl.games (id, season_id, week, awayTeam_id, awayScore, homeTeam_id, homeScore, completed, gameType) values (661, 9, 6, 85, 0, 82, 0, false, 'Regular Season');
insert into bmffl.games (id, season_id, week, awayTeam_id, awayScore, homeTeam_id, homeScore, completed, gameType) values (662, 9, 6, 89, 0, 83, 0, false, 'Regular Season');
insert into bmffl.games (id, season_id, week, awayTeam_id, awayScore, homeTeam_id, homeScore, completed, gameType) values (663, 9, 7, 81, 0, 84, 0, false, 'Regular Season');
insert into bmffl.games (id, season_id, week, awayTeam_id, awayScore, homeTeam_id, homeScore, completed, gameType) values (664, 9, 7, 85, 0, 86, 0, false, 'Regular Season');
insert into bmffl.games (id, season_id, week, awayTeam_id, awayScore, homeTeam_id, homeScore, completed, gameType) values (665, 9, 7, 82, 0, 87, 0, false, 'Regular Season');
insert into bmffl.games (id, season_id, week, awayTeam_id, awayScore, homeTeam_id, homeScore, completed, gameType) values (666, 9, 7, 83, 0, 90, 0, false, 'Regular Season');
insert into bmffl.games (id, season_id, week, awayTeam_id, awayScore, homeTeam_id, homeScore, completed, gameType) values (667, 9, 7, 88, 0, 89, 0, false, 'Regular Season');
insert into bmffl.games (id, season_id, week, awayTeam_id, awayScore, homeTeam_id, homeScore, completed, gameType) values (668, 9, 8, 82, 0, 84, 0, false, 'Regular Season');
insert into bmffl.games (id, season_id, week, awayTeam_id, awayScore, homeTeam_id, homeScore, completed, gameType) values (669, 9, 8, 85, 0, 88, 0, false, 'Regular Season');
insert into bmffl.games (id, season_id, week, awayTeam_id, awayScore, homeTeam_id, homeScore, completed, gameType) values (670, 9, 8, 81, 0, 87, 0, false, 'Regular Season');
insert into bmffl.games (id, season_id, week, awayTeam_id, awayScore, homeTeam_id, homeScore, completed, gameType) values (671, 9, 8, 90, 0, 83, 0, false, 'Regular Season');
insert into bmffl.games (id, season_id, week, awayTeam_id, awayScore, homeTeam_id, homeScore, completed, gameType) values (672, 9, 8, 86, 0, 89, 0, false, 'Regular Season');
insert into bmffl.games (id, season_id, week, awayTeam_id, awayScore, homeTeam_id, homeScore, completed, gameType) values (673, 9, 9, 84, 0, 83, 0, false, 'Regular Season');
insert into bmffl.games (id, season_id, week, awayTeam_id, awayScore, homeTeam_id, homeScore, completed, gameType) values (674, 9, 9, 86, 0, 82, 0, false, 'Regular Season');
insert into bmffl.games (id, season_id, week, awayTeam_id, awayScore, homeTeam_id, homeScore, completed, gameType) values (675, 9, 9, 85, 0, 87, 0, false, 'Regular Season');
insert into bmffl.games (id, season_id, week, awayTeam_id, awayScore, homeTeam_id, homeScore, completed, gameType) values (676, 9, 9, 90, 0, 89, 0, false, 'Regular Season');
insert into bmffl.games (id, season_id, week, awayTeam_id, awayScore, homeTeam_id, homeScore, completed, gameType) values (677, 9, 9, 88, 0, 81, 0, false, 'Regular Season');
insert into bmffl.games (id, season_id, week, awayTeam_id, awayScore, homeTeam_id, homeScore, completed, gameType) values (678, 9, 10, 88, 0, 84, 0, false, 'Regular Season');
insert into bmffl.games (id, season_id, week, awayTeam_id, awayScore, homeTeam_id, homeScore, completed, gameType) values (679, 9, 10, 81, 0, 89, 0, false, 'Regular Season');
insert into bmffl.games (id, season_id, week, awayTeam_id, awayScore, homeTeam_id, homeScore, completed, gameType) values (680, 9, 10, 86, 0, 83, 0, false, 'Regular Season');
insert into bmffl.games (id, season_id, week, awayTeam_id, awayScore, homeTeam_id, homeScore, completed, gameType) values (681, 9, 10, 90, 0, 87, 0, false, 'Regular Season');
insert into bmffl.games (id, season_id, week, awayTeam_id, awayScore, homeTeam_id, homeScore, completed, gameType) values (682, 9, 10, 85, 0, 82, 0, false, 'Regular Season');
insert into bmffl.games (id, season_id, week, awayTeam_id, awayScore, homeTeam_id, homeScore, completed, gameType) values (683, 9, 11, 85, 0, 84, 0, false, 'Regular Season');
insert into bmffl.games (id, season_id, week, awayTeam_id, awayScore, homeTeam_id, homeScore, completed, gameType) values (684, 9, 11, 82, 0, 83, 0, false, 'Regular Season');
insert into bmffl.games (id, season_id, week, awayTeam_id, awayScore, homeTeam_id, homeScore, completed, gameType) values (685, 9, 11, 88, 0, 86, 0, false, 'Regular Season');
insert into bmffl.games (id, season_id, week, awayTeam_id, awayScore, homeTeam_id, homeScore, completed, gameType) values (686, 9, 11, 81, 0, 90, 0, false, 'Regular Season');
insert into bmffl.games (id, season_id, week, awayTeam_id, awayScore, homeTeam_id, homeScore, completed, gameType) values (687, 9, 11, 89, 0, 87, 0, false, 'Regular Season');
insert into bmffl.games (id, season_id, week, awayTeam_id, awayScore, homeTeam_id, homeScore, completed, gameType) values (688, 9, 12, 90, 0, 84, 0, false, 'Regular Season');
insert into bmffl.games (id, season_id, week, awayTeam_id, awayScore, homeTeam_id, homeScore, completed, gameType) values (689, 9, 12, 82, 0, 89, 0, false, 'Regular Season');
insert into bmffl.games (id, season_id, week, awayTeam_id, awayScore, homeTeam_id, homeScore, completed, gameType) values (690, 9, 12, 85, 0, 86, 0, false, 'Regular Season');
insert into bmffl.games (id, season_id, week, awayTeam_id, awayScore, homeTeam_id, homeScore, completed, gameType) values (691, 9, 12, 81, 0, 83, 0, false, 'Regular Season');
insert into bmffl.games (id, season_id, week, awayTeam_id, awayScore, homeTeam_id, homeScore, completed, gameType) values (692, 9, 12, 88, 0, 87, 0, false, 'Regular Season');
insert into bmffl.games (id, season_id, week, awayTeam_id, awayScore, homeTeam_id, homeScore, completed, gameType) values (693, 9, 13, 84, 0, 83, 0, false, 'Regular Season');
insert into bmffl.games (id, season_id, week, awayTeam_id, awayScore, homeTeam_id, homeScore, completed, gameType) values (694, 9, 13, 85, 0, 89, 0, false, 'Regular Season');
insert into bmffl.games (id, season_id, week, awayTeam_id, awayScore, homeTeam_id, homeScore, completed, gameType) values (695, 9, 13, 86, 0, 81, 0, false, 'Regular Season');
insert into bmffl.games (id, season_id, week, awayTeam_id, awayScore, homeTeam_id, homeScore, completed, gameType) values (696, 9, 13, 82, 0, 88, 0, false, 'Regular Season');
insert into bmffl.games (id, season_id, week, awayTeam_id, awayScore, homeTeam_id, homeScore, completed, gameType) values (697, 9, 13, 90, 0, 87, 0, false, 'Regular Season');


-- INSERT INTO bmffl.seasons (id, year, completed) VALUES (9, '2018', false);
-- INSERT INTO bmffl.teams (id, abbr, division, name, owner_id, year, season_id) VALUES (81, 'IHH47', 'upstairs', 'Iowa HerkysHeroes47', 1, '2019', 9), (82, 'WW', 'downstairs', 'Westside Whales', 2, '2019', 9), (83, 'BKT', 'upstairs', 'Brian Kass Team', 3, '2019', 9), (84, 'RS', 'upstairs', 'The Ricky Stanzis', 4, '2019', 9), (85, 'IFFFF', 'downstairs', 'IOWA FOOTBALL', 5, '2019', 9), (86, 'OC', 'downstairs', 'Orange Crush', 6, '2019', 9), (87, 'BT', 'upstairs', 'Ballz Tech', 7, '2019', 9), (88, 'MRN', 'downstairs', 'Mr. Rodgers'' Neighborhood', 8, '2019', 9), (89, 'ILB', 'downstairs', 'IFFFF''s Lil'' Bro', 10, '2019', 9), (90, 'RGB', 'upstairs', 'ROY GBIV', 11, '2019', 9);
-- INSERT INTO bmffl.games (id, season_id, week, awayteam_id, awayscore, hometeam_id, homescore, completed, gametype) VALUES (633, 9, 1, 87, 0, 84, 0, false, 'Regular Season'), (634, 9, 1, 86, 0, 90, 0, false, 'Regular Season'), (635, 9, 1, 81, 0, 83, 0, false, 'Regular Season'), (636, 9, 1, 82, 0, 89, 0, false, 'Regular Season'), (637, 9, 1, 85, 0, 88, 0, false, 'Regular Season'), (638, 9, 2, 84, 0, 86, 0, false, 'Regular Season'), (639, 9, 2, 83, 0, 87, 0, false, 'Regular Season'), (640, 9, 2, 89, 0, 88, 0, false, 'Regular Season'), (641, 9, 2, 90, 0, 82, 0, false, 'Regular Season'), (642, 9, 2, 85, 0, 81, 0, false, 'Regular Season'), (643, 9, 3, 87, 0, 84, 0, false, 'Regular Season'), (644, 9, 3, 85, 0, 83, 0, false, 'Regular Season'), (645, 9, 3, 82, 0, 88, 0, false, 'Regular Season'), (646, 9, 3, 86, 0, 89, 0, false, 'Regular Season'), (647, 9, 3, 81, 0, 90, 0, false, 'Regular Season'), (648, 9, 4, 81, 0, 84, 0, false, 'Regular Season'), (649, 9, 4, 82, 0, 86, 0, false, 'Regular Season'), (650, 9, 4, 88, 0, 90, 0, false, 'Regular Season'), (651, 9, 4, 85, 0, 89, 0, false, 'Regular Season'), (652, 9, 4, 83, 0, 87, 0, false, 'Regular Season'), (653, 9, 5, 89, 0, 84, 0, false, 'Regular Season'), (654, 9, 5, 85, 0, 90, 0, false, 'Regular Season'), (655, 9, 5, 86, 0, 87, 0, false, 'Regular Season'), (656, 9, 5, 88, 0, 83, 0, false, 'Regular Season'), (657, 9, 5, 82, 0, 81, 0, false, 'Regular Season'), (658, 9, 6, 90, 0, 84, 0, false, 'Regular Season'), (659, 9, 6, 81, 0, 87, 0, false, 'Regular Season'), (660, 9, 6, 88, 0, 86, 0, false, 'Regular Season'), (661, 9, 6, 85, 0, 82, 0, false, 'Regular Season'), (662, 9, 6, 89, 0, 83, 0, false, 'Regular Season'), (663, 9, 7, 81, 0, 84, 0, false, 'Regular Season'), (664, 9, 7, 85, 0, 86, 0, false, 'Regular Season'), (665, 9, 7, 82, 0, 87, 0, false, 'Regular Season'), (666, 9, 7, 83, 0, 90, 0, false, 'Regular Season'), (667, 9, 7, 88, 0, 89, 0, false, 'Regular Season'), (668, 9, 8, 82, 0, 84, 0, false, 'Regular Season'), (669, 9, 8, 85, 0, 88, 0, false, 'Regular Season'), (670, 9, 8, 81, 0, 87, 0, false, 'Regular Season'), (671, 9, 8, 90, 0, 83, 0, false, 'Regular Season'), (672, 9, 8, 86, 0, 89, 0, false, 'Regular Season'), (673, 9, 9, 84, 0, 83, 0, false, 'Regular Season'), (674, 9, 9, 86, 0, 82, 0, false, 'Regular Season'), (675, 9, 9, 85, 0, 87, 0, false, 'Regular Season'), (676, 9, 9, 90, 0, 89, 0, false, 'Regular Season'), (677, 9, 9, 88, 0, 81, 0, false, 'Regular Season'), (678, 9, 10, 88, 0, 84, 0, false, 'Regular Season'), (679, 9, 10, 81, 0, 89, 0, false, 'Regular Season'), (680, 9, 10, 86, 0, 83, 0, false, 'Regular Season'), (681, 9, 10, 90, 0, 87, 0, false, 'Regular Season'), (682, 9, 10, 85, 0, 82, 0, false, 'Regular Season'), (683, 9, 11, 85, 0, 84, 0, false, 'Regular Season'), (684, 9, 11, 82, 0, 83, 0, false, 'Regular Season'), (685, 9, 11, 88, 0, 86, 0, false, 'Regular Season'), (686, 9, 11, 81, 0, 90, 0, false, 'Regular Season'), (687, 9, 11, 89, 0, 87, 0, false, 'Regular Season'), (688, 9, 12, 90, 0, 84, 0, false, 'Regular Season'), (689, 9, 12, 82, 0, 89, 0, false, 'Regular Season'), (690, 9, 12, 85, 0, 86, 0, false, 'Regular Season'), (691, 9, 12, 81, 0, 83, 0, false, 'Regular Season'), (692, 9, 12, 88, 0, 87, 0, false, 'Regular Season'), (693, 9, 13, 84, 0, 83, 0, false, 'Regular Season'), (694, 9, 13, 85, 0, 89, 0, false, 'Regular Season'), (695, 9, 13, 86, 0, 81, 0, false, 'Regular Season'), (696, 9, 13, 82, 0, 88, 0, false, 'Regular Season'), (697, 9, 13, 90, 0, 87, 0, false, 'Regular Season');